101,0.0,0.0,0.0,0.0,0.0,0.0,0.0,0.0,0.0,0.0,0.0,0.0,0.0,0.0,0.0,0.0,0.0,0.0,0.0,0.0,0.0,0.0,0.0,0.0,0.0,0.0,0.0,0.0,4.7,20.1,1.9,6.3,0.9,1.8,30.5,1.9,6.8,0.9,2.6,0.4,0.6,11.5,1-Jan,0.0,1-Jul,0.0,0.0,0.0
102,0.0,0.1,0.0,0.0,0.0,0.0,0.1,0.0,0.0,0.0,0.0,0.0,0.0,0.0,0.0,0.1,0.0,0.0,0.0,0.0,0.1,0.0,0.0,0.0,0.0,0.0,0.0,0.0,4.9,20.5,1.9,6.3,0.9,1.8,30.8,2.0,7.1,0.9,2.7,0.4,0.7,12.1,2-Jan,0.2,2-Jul,0.0,0.0,0.0
103,0.0,0.1,0.0,0.0,0.0,0.0,0.1,0.0,0.0,0.0,0.0,0.0,0.0,0.0,0.0,0.1,0.0,0.0,0.0,0.0,0.2,0.0,0.0,0.0,0.0,0.0,0.0,0.0,4.9,20.9,2.0,6.4,0.9,1.8,31.1,2.1,7.5,1.0,2.8,0.4,0.7,12.7,3-Jan,0.3,3-Jul,0.0,0.0,0.0
104,0.0,0.1,0.0,0.0,0.0,0.0,0.1,0.0,0.0,0.0,0.0,0.0,0.0,0.0,0.0,0.1,0.0,0.1,0.0,0.0,0.3,0.0,0.0,0.0,0.0,0.0,0.0,0.0,4.9,21.2,2.0,6.4,0.9,1.8,31.5,2.1,7.8,1.1,3.0,0.5,0.8,13.5,4-Jan,0.4,4-Jul,0.0,0.0,0.0
105,0.0,0.2,0.0,0.0,0.0,0.0,0.2,0.0,0.0,0.0,0.0,0.0,0.0,0.0,0.0,0.1,0.0,0.1,0.0,0.0,0.3,0.0,0.0,0.0,0.0,0.0,0.0,0.0,5.1,21.4,2.0,6.5,0.9,1.9,31.9,2.1,8.1,1.1,3.2,0.5,0.9,14.6,5-Jan,0.5,5-Jul,0.0,0.0,0.0
106,0.0,0.2,0.0,0.0,0.0,0.0,0.2,0.0,0.0,0.0,0.0,0.0,0.0,0.0,0.1,0.2,0.0,0.1,0.0,0.0,0.3,0.0,0.0,0.0,0.0,0.0,0.0,0.0,5.2,21.8,2.1,6.6,0.9,1.9,32.5,2.2,8.4,1.1,3.3,0.5,1.0,15.6,6-Jan,0.5,6-Jul,0.0,0.0,0.0
107,0.0,0.2,0.0,0.0,0.0,0.0,0.2,0.0,0.0,0.0,0.0,0.0,0.0,0.0,0.1,0.2,0.1,0.1,0.0,0.0,0.4,0.0,0.0,0.0,0.0,0.0,0.0,0.0,5.4,22.3,2.1,6.7,1.0,2.0,33.2,2.3,8.7,1.1,3.5,0.5,1.1,16.3,7-Jan,0.6,7-Jul,0.0,0.0,0.0
108,0.0,0.2,0.0,0.0,0.0,0.0,0.2,0.0,0.0,0.0,0.0,0.0,0.0,0.0,0.2,0.3,0.1,0.1,0.0,0.0,0.5,0.0,0.0,0.0,0.0,0.0,0.0,0.0,5.5,22.9,2.3,7.0,1.0,2.0,34.3,2.3,9.0,1.2,3.7,0.5,1.1,17.0,8-Jan,0.7,8-Jul,0.0,0.0,0.0
109,0.0,0.2,0.0,0.0,0.0,0.0,0.2,0.0,0.0,0.0,0.0,0.0,0.0,0.0,0.2,0.5,0.1,0.1,0.0,0.0,0.7,0.0,0.1,0.0,0.0,0.0,0.0,0.0,5.6,23.5,2.3,7.2,1.0,2.1,35.5,2.4,9.4,1.3,3.8,0.5,1.1,17.6,9-Jan,0.9,9-Jul,0.0,0.0,0.0
110,0.0,0.2,0.0,0.0,0.0,0.0,0.2,0.0,0.0,0.0,0.0,0.0,0.0,0.0,0.2,0.6,0.1,0.2,0.1,0.0,0.9,0.0,0.1,0.0,0.0,0.0,0.0,0.1,5.7,24.1,2.4,7.5,1.0,2.2,36.5,2.4,9.7,1.3,4.0,0.6,1.2,18.2,10-Jan,1.2,10-Jul,0.0,0.0,0.0
111,0.0,0.2,0.0,0.0,0.0,0.0,0.2,0.0,0.0,0.0,0.0,0.0,0.0,0.0,0.2,0.8,0.1,0.3,0.1,0.1,1.2,0.0,0.1,0.0,0.0,0.0,0.0,0.1,5.8,24.6,2.4,7.6,1.0,2.2,37.3,2.5,10.0,1.3,4.1,0.6,1.2,18.7,11-Jan,1.5,11-Jul,0.0,0.0,0.0
112,0.0,0.2,0.0,0.0,0.0,0.0,0.2,0.0,0.0,0.0,0.0,0.0,0.0,0.0,0.2,0.9,0.1,0.3,0.1,0.1,1.5,0.0,0.1,0.0,0.0,0.0,0.0,0.1,5.9,25.2,2.5,7.8,1.1,2.3,38.2,2.5,10.2,1.3,4.2,0.6,1.2,19.1,12-Jan,1.8,12-Jul,0.0,0.0,0.0
113,0.0,0.2,0.0,0.0,0.0,0.0,0.2,0.0,0.0,0.0,0.0,0.0,0.0,0.0,0.3,1.0,0.1,0.3,0.1,0.1,1.7,0.1,0.1,0.0,0.0,0.0,0.0,0.1,6.0,25.7,2.6,8.1,1.1,2.3,39.2,2.6,10.6,1.4,4.2,0.6,1.2,19.5,13-Jan,2.0,13-Jul,0.0,0.0,0.0
114,0.0,0.2,0.0,0.0,0.0,0.0,0.2,0.0,0.0,0.0,0.0,0.0,0.0,0.0,0.3,1.1,0.2,0.4,0.1,0.1,1.9,0.1,0.2,0.0,0.0,0.0,0.0,0.1,6.1,26.3,2.6,8.3,1.1,2.4,40.1,2.7,10.9,1.4,4.4,0.6,1.2,20.1,14-Jan,2.2,14-Jul,0.0,0.0,0.0
115,0.0,0.2,0.0,0.0,0.0,0.0,0.2,0.0,0.1,0.0,0.0,0.0,0.0,0.0,0.4,1.2,0.2,0.5,0.1,0.1,2.1,0.1,0.2,0.0,0.0,0.0,0.0,0.1,6.2,26.8,2.6,8.4,1.1,2.4,40.9,2.8,11.2,1.4,4.5,0.6,1.2,20.6,15-Jan,2.4,15-Jul,0.0,0.0,0.0
116,0.0,0.2,0.0,0.0,0.0,0.0,0.2,0.0,0.1,0.0,0.0,0.0,0.0,0.0,0.4,1.4,0.2,0.5,0.1,0.1,2.2,0.1,0.2,0.0,0.0,0.0,0.0,0.1,6.3,27.3,2.7,8.6,1.1,2.4,41.5,2.9,11.6,1.5,4.7,0.6,1.3,21.2,16-Jan,2.5,16-Jul,0.0,0.0,0.0
117,0.0,0.2,0.0,0.0,0.0,0.0,0.2,0.0,0.1,0.0,0.0,0.0,0.0,0.0,0.4,1.5,0.2,0.5,0.1,0.1,2.3,0.1,0.2,0.0,0.0,0.0,0.0,0.1,6.4,27.8,2.7,8.6,1.1,2.4,42.2,2.9,12.0,1.6,4.9,0.7,1.3,22.0,17-Jan,2.6,17-Jul,0.0,0.0,0.0
118,0.0,0.2,0.0,0.0,0.0,0.0,0.2,0.0,0.1,0.0,0.0,0.0,0.0,0.0,0.4,1.6,0.2,0.5,0.1,0.1,2.4,0.1,0.3,0.0,0.0,0.0,0.0,0.2,6.5,28.3,2.8,8.8,1.1,2.5,42.9,3.0,12.4,1.6,5.1,0.8,1.4,22.8,18-Jan,2.8,18-Jul,0.0,0.0,0.0
119,0.0,0.2,0.0,0.0,0.0,0.0,0.2,0.0,0.1,0.0,0.0,0.0,0.0,0.0,0.4,1.7,0.2,0.5,0.1,0.1,2.5,0.1,0.3,0.0,0.0,0.0,0.0,0.2,6.7,28.9,2.9,8.9,1.2,2.5,43.6,3.0,12.7,1.6,5.3,0.8,1.4,23.5,19-Jan,2.9,19-Jul,0.0,0.0,0.0
120,0.0,0.2,0.0,0.0,0.0,0.0,0.2,0.0,0.1,0.0,0.0,0.0,0.0,0.0,0.4,1.7,0.2,0.5,0.1,0.1,2.5,0.1,0.3,0.0,0.0,0.0,0.0,0.2,6.9,29.6,3.0,9.1,1.2,2.6,44.6,3.0,12.9,1.6,5.3,0.8,1.4,23.8,20-Jan,2.9,20-Jul,0.1,0.0,0.1
121,0.0,0.2,0.0,0.0,0.0,0.0,0.2,0.0,0.1,0.0,0.0,0.0,0.0,0.0,0.4,1.8,0.2,0.5,0.1,0.1,2.5,0.1,0.3,0.0,0.0,0.0,0.0,0.2,7.0,30.2,3.0,9.3,1.2,2.6,45.5,3.0,13.0,1.6,5.4,0.8,1.4,24.0,21-Jan,2.9,21-Jul,0.1,0.0,0.1
122,0.0,0.2,0.0,0.0,0.0,0.0,0.2,0.0,0.1,0.0,0.0,0.0,0.0,0.0,0.4,1.8,0.2,0.5,0.1,0.1,2.5,0.1,0.3,0.0,0.0,0.0,0.0,0.2,7.0,30.7,3.1,9.5,1.3,2.8,46.6,3.2,13.2,1.7,5.4,0.8,1.4,24.1,22-Jan,2.9,22-Jul,0.1,0.0,0.1
123,0.0,0.2,0.0,0.0,0.0,0.0,0.2,0.0,0.1,0.0,0.0,0.0,0.0,0.0,0.4,1.8,0.2,0.5,0.1,0.1,2.5,0.1,0.3,0.0,0.0,0.0,0.0,0.2,7.2,31.1,3.1,9.7,1.4,2.9,47.7,3.2,13.4,1.7,5.4,0.8,1.5,24.4,23-Jan,2.9,23-Jul,0.1,0.0,0.1
124,0.0,0.2,0.0,0.0,0.0,0.0,0.2,0.0,0.1,0.0,0.0,0.0,0.0,0.0,0.4,1.8,0.2,0.5,0.1,0.1,2.5,0.1,0.3,0.0,0.0,0.0,0.0,0.2,7.3,31.7,3.2,9.9,1.4,3.0,48.7,3.3,13.7,1.7,5.5,0.8,1.5,24.8,24-Jan,2.9,24-Jul,0.1,0.0,0.1
125,0.0,0.2,0.0,0.0,0.0,0.0,0.2,0.0,0.1,0.0,0.0,0.0,0.0,0.0,0.4,1.8,0.2,0.5,0.1,0.1,2.5,0.1,0.3,0.0,0.0,0.0,0.0,0.2,7.5,32.3,3.2,10.1,1.4,3.0,49.4,3.5,14.1,1.8,5.5,0.8,1.5,25.2,25-Jan,2.9,25-Jul,0.1,0.0,0.1
126,0.0,0.2,0.0,0.0,0.0,0.0,0.2,0.0,0.1,0.0,0.0,0.0,0.0,0.0,0.4,1.8,0.2,0.5,0.1,0.1,2.5,0.1,0.3,0.0,0.0,0.0,0.0,0.2,7.6,33.0,3.3,10.3,1.5,3.0,50.3,3.6,14.5,1.8,5.6,0.8,1.5,25.7,26-Jan,2.9,26-Jul,0.1,0.0,0.1
127,0.0,0.2,0.0,0.0,0.0,0.0,0.2,0.0,0.1,0.0,0.0,0.0,0.0,0.0,0.4,1.8,0.2,0.5,0.1,0.1,2.5,0.1,0.3,0.0,0.0,0.0,0.0,0.2,7.8,33.8,3.4,10.5,1.5,3.1,51.5,3.8,14.9,1.9,5.7,0.8,1.5,26.1,27-Jan,2.9,27-Jul,0.1,0.0,0.1
128,0.0,0.2,0.0,0.0,0.0,0.0,0.2,0.1,0.1,0.0,0.0,0.0,0.0,0.0,0.4,1.8,0.2,0.5,0.1,0.1,2.5,0.1,0.3,0.0,0.0,0.0,0.0,0.2,7.9,34.6,3.6,10.7,1.5,3.1,52.8,3.8,15.3,2.0,5.8,0.9,1.5,26.7,28-Jan,2.9,28-Jul,0.1,0.0,0.1
129,0.0,0.2,0.0,0.0,0.0,0.0,0.2,0.1,0.1,0.0,0.0,0.0,0.0,0.1,0.4,1.8,0.2,0.5,0.1,0.1,2.5,0.1,0.3,0.0,0.0,0.0,0.0,0.2,8.0,35.5,3.7,11.1,1.5,3.2,54.2,3.9,15.8,2.0,5.9,0.9,1.6,27.2,29-Jan,3.0,29-Jul,0.1,0.0,0.1
130,0.0,0.2,0.0,0.0,0.0,0.0,0.2,0.1,0.1,0.0,0.0,0.0,0.0,0.1,0.4,1.8,0.2,0.5,0.1,0.1,2.5,0.1,0.3,0.0,0.0,0.0,0.0,0.2,8.1,36.2,3.7,11.3,1.6,3.3,55.3,3.9,16.1,2.0,6.0,0.9,1.6,27.7,30-Jan,3.0,30-Jul,0.2,0.0,0.2
131,0.0,0.2,0.0,0.0,0.0,0.0,0.2,0.1,0.2,0.0,0.1,0.0,0.0,0.2,0.4,1.8,0.2,0.5,0.1,0.1,2.5,0.1,0.3,0.0,0.0,0.0,0.0,0.2,8.2,36.9,3.7,11.5,1.6,3.3,56.3,4.1,16.5,2.1,6.1,0.9,1.6,28.1,31-Jan,3.1,31-Jul,0.2,0.0,0.2
201,0.0,0.2,0.0,0.0,0.0,0.0,0.2,0.1,0.2,0.0,0.1,0.0,0.0,0.3,0.5,1.8,0.2,0.5,0.1,0.1,2.5,0.2,0.3,0.0,0.0,0.0,0.0,0.2,8.3,37.5,3.8,11.6,1.6,3.4,57.3,4.2,16.9,2.3,6.3,0.9,1.6,28.7,1-Feb,3.2,1-Aug,0.2,0.0,0.2
202,0.0,0.2,0.0,0.0,0.0,0.0,0.2,0.1,0.2,0.0,0.1,0.0,0.0,0.4,0.5,1.8,0.2,0.5,0.1,0.1,2.6,0.2,0.4,0.0,0.0,0.0,0.0,0.2,8.5,38.1,3.9,11.9,1.7,3.5,58.4,4.3,17.3,2.3,6.4,1.0,1.6,29.3,2-Feb,3.4,2-Aug,0.2,0.0,0.2
203,0.0,0.2,0.0,0.0,0.0,0.0,0.2,0.1,0.3,0.0,0.1,0.0,0.0,0.5,0.5,1.9,0.2,0.5,0.1,0.1,2.6,0.2,0.4,0.0,0.0,0.0,0.0,0.2,8.5,38.6,4.0,12.1,1.7,3.6,59.6,4.3,17.6,2.3,6.5,1.0,1.7,29.9,3-Feb,3.5,3-Aug,0.2,0.0,0.2
204,0.0,0.2,0.0,0.0,0.0,0.0,0.2,0.1,0.3,0.0,0.1,0.0,0.0,0.5,0.5,1.9,0.2,0.5,0.1,0.1,2.7,0.2,0.4,0.0,0.0,0.0,0.0,0.3,8.6,39.1,4.0,12.4,1.8,3.8,60.7,4.4,18.0,2.4,6.6,1.0,1.7,30.4,4-Feb,3.7,4-Aug,0.2,0.0,0.2
205,0.0,0.2,0.0,0.0,0.0,0.0,0.2,0.1,0.3,0.0,0.1,0.0,0.0,0.5,0.5,1.9,0.2,0.5,0.1,0.1,2.8,0.2,0.4,0.0,0.0,0.0,0.0,0.3,8.8,39.7,4.1,12.6,1.8,3.9,61.9,4.5,18.4,2.4,6.7,1.0,1.8,31.0,5-Feb,3.8,5-Aug,0.2,0.0,0.2
206,0.0,0.2,0.0,0.0,0.0,0.0,0.2,0.1,0.3,0.0,0.1,0.0,0.0,0.5,0.5,1.9,0.2,0.5,0.1,0.1,2.8,0.2,0.4,0.0,0.0,0.0,0.0,0.3,9.0,40.4,4.2,12.9,1.9,3.9,63.0,4.7,18.8,2.5,6.9,1.0,1.8,31.8,6-Feb,3.8,6-Aug,0.2,0.0,0.2
207,0.0,0.2,0.0,0.0,0.0,0.0,0.2,0.1,0.3,0.0,0.1,0.0,0.0,0.5,0.5,1.9,0.2,0.5,0.1,0.1,2.8,0.2,0.4,0.0,0.0,0.0,0.0,0.3,9.1,41.1,4.2,13.2,1.9,4.0,64.2,4.8,19.2,2.5,7.1,1.1,1.9,32.5,7-Feb,3.8,7-Aug,0.2,0.0,0.2
208,0.0,0.2,0.0,0.0,0.0,0.0,0.2,0.1,0.3,0.0,0.1,0.0,0.0,0.5,0.5,1.9,0.2,0.5,0.1,0.1,2.8,0.2,0.4,0.0,0.0,0.0,0.0,0.3,9.3,41.8,4.2,13.4,1.9,4.1,65.3,4.9,19.5,2.5,7.2,1.1,1.9,33.2,8-Feb,3.8,8-Aug,0.2,0.0,0.2
209,0.0,0.2,0.0,0.0,0.0,0.0,0.2,0.1,0.3,0.0,0.1,0.0,0.0,0.5,0.5,1.9,0.2,0.5,0.1,0.1,2.8,0.2,0.4,0.0,0.0,0.0,0.0,0.3,9.4,42.5,4.4,13.6,1.9,4.1,66.4,5.0,19.9,2.6,7.3,1.1,2.0,33.8,9-Feb,3.8,9-Aug,0.2,0.0,0.2
210,0.0,0.2,0.0,0.0,0.0,0.0,0.2,0.1,0.3,0.0,0.1,0.0,0.0,0.5,0.5,1.9,0.2,0.5,0.1,0.1,2.8,0.2,0.4,0.0,0.0,0.0,0.0,0.3,9.5,43.1,4.4,13.9,1.9,4.2,67.4,5.1,20.3,2.6,7.4,1.1,2.0,34.4,10-Feb,3.8,10-Aug,0.2,0.0,0.2
211,0.0,0.2,0.0,0.0,0.0,0.0,0.2,0.1,0.3,0.0,0.1,0.0,0.0,0.5,0.5,1.9,0.2,0.5,0.1,0.1,2.8,0.2,0.4,0.0,0.0,0.0,0.0,0.3,9.6,43.7,4.5,14.1,2.0,4.2,68.3,5.2,20.7,2.7,7.5,1.1,2.0,34.9,11-Feb,3.8,11-Aug,0.2,0.0,0.2
212,0.0,0.2,0.0,0.0,0.0,0.0,0.2,0.1,0.3,0.0,0.1,0.0,0.0,0.5,0.5,1.9,0.2,0.5,0.1,0.1,2.8,0.2,0.4,0.0,0.0,0.0,0.0,0.3,9.7,44.3,4.6,14.3,2.0,4.3,69.2,5.3,21.0,2.8,7.7,1.1,2.0,35.4,12-Feb,3.8,12-Aug,0.2,0.0,0.2
213,0.0,0.2,0.0,0.0,0.0,0.0,0.2,0.1,0.3,0.0,0.1,0.0,0.0,0.5,0.5,2.0,0.2,0.5,0.1,0.1,2.8,0.2,0.4,0.0,0.0,0.0,0.0,0.3,9.8,44.9,4.6,14.5,2.0,4.3,70.2,5.4,21.4,2.8,7.8,1.2,2.0,35.9,13-Feb,3.8,13-Aug,0.2,0.0,0.2
214,0.0,0.2,0.0,0.0,0.0,0.0,0.2,0.1,0.3,0.0,0.1,0.0,0.0,0.5,0.5,2.0,0.2,0.5,0.1,0.1,2.8,0.2,0.4,0.0,0.0,0.0,0.0,0.3,10.0,45.6,4.7,14.7,2.0,4.3,71.1,5.5,21.8,2.9,8.0,1.2,2.1,36.8,14-Feb,3.8,14-Aug,0.2,0.0,0.2
215,0.0,0.2,0.0,0.0,0.0,0.0,0.2,0.1,0.3,0.0,0.1,0.0,0.0,0.5,0.5,2.0,0.2,0.5,0.1,0.1,2.8,0.2,0.4,0.0,0.0,0.0,0.0,0.3,10.1,46.3,4.7,14.9,2.0,4.3,71.8,5.5,22.1,2.9,8.1,1.2,2.2,37.6,15-Feb,3.8,15-Aug,0.2,0.0,0.2
216,0.0,0.2,0.0,0.0,0.0,0.0,0.2,0.1,0.3,0.0,0.1,0.0,0.0,0.5,0.5,2.0,0.2,0.5,0.1,0.1,2.8,0.2,0.4,0.0,0.0,0.0,0.0,0.3,10.2,46.9,4.7,15.0,2.1,4.3,72.6,5.5,22.4,2.9,8.3,1.2,2.2,38.3,16-Feb,3.8,16-Aug,0.2,0.0,0.2
217,0.0,0.2,0.0,0.0,0.0,0.0,0.2,0.1,0.3,0.0,0.1,0.0,0.0,0.5,0.6,2.0,0.2,0.5,0.1,0.1,2.8,0.2,0.4,0.0,0.0,0.0,0.0,0.3,10.4,47.6,4.8,15.3,2.1,4.4,73.6,5.6,22.7,2.9,8.4,1.2,2.3,38.8,17-Feb,3.8,17-Aug,0.2,0.0,0.2
218,0.0,0.2,0.0,0.0,0.0,0.0,0.2,0.1,0.3,0.0,0.1,0.0,0.0,0.5,0.6,2.0,0.2,0.5,0.1,0.1,2.8,0.2,0.4,0.0,0.0,0.0,0.0,0.3,10.5,48.3,4.8,15.5,2.2,4.4,74.6,5.6,22.9,2.9,8.4,1.2,2.3,39.2,18-Feb,3.8,18-Aug,0.3,0.0,0.3
219,0.0,0.2,0.0,0.0,0.0,0.0,0.2,0.1,0.3,0.0,0.1,0.0,0.0,0.5,0.6,2.0,0.2,0.5,0.1,0.1,2.8,0.2,0.4,0.0,0.0,0.0,0.0,0.3,10.6,49.1,4.9,15.7,2.2,4.5,75.7,5.6,23.1,3.0,8.5,1.2,2.3,39.4,19-Feb,3.8,19-Aug,0.3,0.0,0.3
220,0.0,0.2,0.0,0.0,0.0,0.0,0.2,0.1,0.3,0.0,0.1,0.0,0.0,0.5,0.6,2.0,0.2,0.5,0.1,0.1,2.8,0.2,0.4,0.0,0.0,0.0,0.0,0.3,10.6,49.7,4.9,15.9,2.2,4.6,76.8,5.7,23.3,3.0,8.5,1.2,2.3,39.6,20-Feb,3.8,20-Aug,0.3,0.0,0.3
221,0.0,0.2,0.0,0.0,0.0,0.0,0.2,0.1,0.3,0.0,0.1,0.0,0.0,0.5,0.6,2.0,0.2,0.5,0.1,0.1,2.8,0.2,0.4,0.0,0.0,0.0,0.0,0.3,10.8,50.2,5.0,16.1,2.2,4.7,77.7,5.8,23.6,3.0,8.5,1.2,2.3,39.9,21-Feb,3.8,21-Aug,0.3,0.0,0.3
222,0.0,0.2,0.0,0.0,0.0,0.0,0.2,0.1,0.3,0.0,0.1,0.0,0.0,0.5,0.6,2.0,0.2,0.5,0.1,0.1,2.8,0.2,0.4,0.0,0.0,0.0,0.0,0.3,10.9,50.7,5.1,16.3,2.3,4.7,78.6,5.9,23.8,3.0,8.6,1.2,2.3,40.2,22-Feb,3.8,22-Aug,0.3,0.0,0.3
223,0.0,0.2,0.0,0.0,0.0,0.0,0.2,0.1,0.3,0.0,0.1,0.0,0.0,0.5,0.6,2.0,0.2,0.5,0.1,0.1,2.8,0.2,0.4,0.0,0.0,0.0,0.0,0.3,11.1,51.3,5.1,16.4,2.3,4.8,79.4,6.1,24.1,3.1,8.7,1.2,2.3,40.6,23-Feb,3.8,23-Aug,0.3,0.0,0.3
224,0.0,0.2,0.0,0.0,0.0,0.0,0.2,0.1,0.3,0.0,0.1,0.0,0.0,0.5,0.6,2.0,0.2,0.5,0.1,0.1,2.8,0.2,0.4,0.0,0.0,0.0,0.0,0.3,11.1,51.8,5.2,16.6,2.3,4.9,80.2,6.3,24.4,3.2,8.8,1.3,2.3,41.2,24-Feb,3.8,24-Aug,0.3,0.0,0.3
225,0.0,0.2,0.0,0.0,0.0,0.0,0.2,0.1,0.3,0.0,0.1,0.0,0.0,0.5,0.6,2.0,0.2,0.5,0.1,0.1,2.8,0.2,0.4,0.0,0.0,0.0,0.0,0.3,11.2,52.2,5.2,16.8,2.3,4.9,80.9,6.4,24.9,3.2,9.1,1.4,2.4,42.1,25-Feb,3.8,25-Aug,0.3,0.0,0.3
226,0.0,0.2,0.0,0.0,0.0,0.0,0.2,0.1,0.3,0.0,0.1,0.0,0.0,0.5,0.6,2.0,0.2,0.5,0.1,0.1,2.8,0.2,0.4,0.0,0.0,0.0,0.0,0.3,11.3,52.7,5.3,17.0,2.3,4.9,81.7,6.6,25.5,3.3,9.4,1.4,2.5,43.5,26-Feb,3.8,26-Aug,0.3,0.0,0.3
227,0.0,0.2,0.0,0.0,0.0,0.0,0.2,0.1,0.3,0.0,0.1,0.0,0.0,0.5,0.6,2.0,0.2,0.5,0.1,0.1,2.8,0.2,0.4,0.0,0.0,0.0,0.0,0.3,11.6,53.3,5.4,17.2,2.4,4.9,82.6,6.7,26.2,3.4,9.7,1.5,2.6,44.7,27-Feb,3.8,27-Aug,0.3,0.0,0.3
228,0.0,0.2,0.0,0.0,0.0,0.0,0.2,0.1,0.3,0.0,0.1,0.0,0.0,0.5,0.6,2.1,0.2,0.5,0.1,0.1,2.8,0.2,0.4,0.0,0.0,0.0,0.0,0.3,11.7,53.9,5.6,17.6,2.5,5.0,84.0,6.7,26.8,3.4,10.0,1.6,2.7,45.8,28-Feb,3.8,28-Aug,0.3,0.0,0.3
229,0.0,0.2,0.0,0.0,0.0,0.0,0.2,0.1,0.3,0.0,0.1,0.0,0.0,0.5,0.6,2.1,0.2,0.5,0.1,0.1,2.8,0.2,0.4,0.0,0.0,0.0,0.0,0.3,11.7,53.9,5.6,17.6,2.5,5.0,84.0,6.7,26.8,3.4,10.0,1.6,2.7,45.8,29-Feb,3.8,29-Aug,0.3,0.0,0.3
301,0.0,0.2,0.0,0.0,0.0,0.0,0.2,0.1,0.3,0.0,0.1,0.0,0.0,0.5,0.6,2.1,0.2,0.5,0.1,0.1,2.8,0.2,0.4,0.0,0.0,0.0,0.0,0.3,11.8,54.7,5.6,18.2,2.6,5.4,86.6,6.9,27.4,3.4,10.3,1.6,2.8,47.2,1-Mar,3.8,30-Aug,0.3,0.0,0.3
302,0.0,0.2,0.0,0.0,0.0,0.0,0.2,0.1,0.3,0.0,0.1,0.0,0.0,0.5,0.6,2.1,0.3,0.6,0.1,0.1,2.9,0.2,0.4,0.0,0.0,0.0,0.0,0.3,12.0,55.4,5.7,18.5,2.6,5.4,87.7,6.9,27.8,3.5,10.5,1.7,2.9,48.3,2-Mar,3.9,31-Aug,0.3,0.0,0.3
303,0.0,0.2,0.0,0.0,0.0,0.0,0.2,0.1,0.3,0.0,0.1,0.0,0.0,0.5,0.6,2.1,0.3,0.6,0.1,0.1,3.0,0.2,0.4,0.0,0.0,0.0,0.0,0.3,12.2,56.0,5.8,18.6,2.7,5.5,88.6,7.0,28.3,3.5,10.7,1.7,3.0,49.0,3-Mar,4.0,1-Sep,0.3,0.0,0.3
304,0.0,0.2,0.0,0.0,0.0,0.0,0.2,0.1,0.3,0.0,0.1,0.0,0.0,0.5,0.6,2.2,0.3,0.6,0.1,0.2,3.1,0.2,0.4,0.0,0.0,0.0,0.0,0.3,12.3,56.5,5.9,18.9,2.7,5.5,89.5,7.1,28.8,3.6,10.8,1.7,3.0,49.6,4-Mar,4.1,2-Sep,0.3,0.0,0.3
305,0.0,0.2,0.0,0.0,0.0,0.0,0.2,0.1,0.3,0.0,0.1,0.0,0.0,0.5,0.6,2.2,0.3,0.7,0.1,0.2,3.3,0.2,0.4,0.0,0.0,0.0,0.0,0.3,12.3,57.0,5.9,19.1,2.7,5.6,90.4,7.2,29.2,3.6,10.9,1.7,3.0,50.1,5-Mar,4.3,3-Sep,0.3,0.0,0.3
306,0.0,0.2,0.0,0.0,0.0,0.0,0.2,0.1,0.3,0.0,0.1,0.0,0.0,0.5,0.6,2.3,0.3,0.7,0.1,0.2,3.6,0.2,0.4,0.0,0.0,0.0,0.0,0.3,12.4,57.6,6.0,19.3,2.8,5.6,91.6,7.4,29.7,3.7,11.1,1.7,3.0,50.8,6-Mar,4.6,4-Sep,0.4,0.0,0.4
307,0.0,0.2,0.0,0.0,0.0,0.0,0.2,0.1,0.3,0.0,0.1,0.0,0.0,0.5,0.6,2.3,0.3,0.7,0.1,0.3,3.8,0.2,0.4,0.0,0.0,0.0,0.0,0.3,12.6,58.3,6.1,19.6,2.9,5.7,92.7,7.5,30.2,3.7,11.2,1.8,3.1,51.7,7-Mar,4.8,5-Sep,0.4,0.0,0.4
308,0.0,0.2,0.0,0.0,0.0,0.0,0.2,0.1,0.3,0.0,0.1,0.0,0.0,0.5,0.7,2.4,0.3,0.8,0.1,0.3,3.9,0.2,0.4,0.0,0.0,0.0,0.0,0.3,12.8,59.1,6.2,19.9,3.0,5.9,94.2,7.6,30.6,3.7,11.3,1.8,3.3,52.7,8-Mar,4.9,6-Sep,0.4,0.0,0.4
309,0.0,0.2,0.0,0.0,0.0,0.0,0.2,0.1,0.3,0.0,0.1,0.0,0.0,0.5,0.7,2.4,0.3,0.8,0.1,0.3,3.9,0.2,0.4,0.0,0.0,0.0,0.0,0.3,13.0,59.9,6.3,20.2,3.0,6.0,95.7,7.6,30.9,3.8,11.6,1.8,3.4,53.7,9-Mar,4.9,7-Sep,0.4,0.0,0.4
310,0.0,0.2,0.0,0.0,0.0,0.0,0.2,0.1,0.3,0.0,0.1,0.0,0.0,0.5,0.7,2.5,0.3,0.8,0.1,0.3,3.9,0.2,0.4,0.0,0.0,0.0,0.0,0.3,13.1,60.7,6.4,20.6,3.0,6.1,97.4,7.7,31.3,3.8,11.7,1.8,3.4,54.5,10-Mar,4.9,8-Sep,0.4,0.0,0.4
311,0.0,0.2,0.0,0.0,0.0,0.0,0.2,0.1,0.3,0.0,0.1,0.0,0.0,0.5,0.7,2.5,0.3,0.8,0.1,0.3,4.0,0.2,0.4,0.0,0.0,0.0,0.0,0.3,13.2,61.4,6.5,21.0,3.1,6.3,99.0,7.8,31.8,3.9,11.9,1.8,3.4,55.2,11-Mar,5.0,9-Sep,0.4,0.0,0.4
312,0.0,0.2,0.0,0.0,0.0,0.0,0.2,0.1,0.3,0.0,0.1,0.0,0.0,0.5,0.7,2.5,0.3,0.8,0.1,0.3,4.0,0.2,0.4,0.0,0.0,0.0,0.0,0.3,13.2,62.1,6.6,21.4,3.1,6.4,100.6,7.9,32.3,3.9,12.0,1.8,3.5,55.9,12-Mar,5.0,10-Sep,0.4,0.0,0.4
313,0.0,0.2,0.0,0.0,0.0,0.0,0.2,0.1,0.3,0.0,0.1,0.0,0.0,0.5,0.7,2.6,0.3,0.8,0.1,0.3,4.0,0.2,0.4,0.0,0.0,0.0,0.0,0.3,13.2,62.6,6.7,21.8,3.1,6.5,101.9,8.0,32.7,4.0,12.2,1.9,3.5,56.8,13-Mar,5.0,11-Sep,0.4,0.0,0.4
314,0.0,0.2,0.0,0.0,0.0,0.0,0.2,0.1,0.3,0.0,0.1,0.0,0.0,0.5,0.7,2.7,0.3,0.8,0.1,0.3,4.1,0.2,0.4,0.0,0.0,0.0,0.0,0.3,13.3,63.1,6.7,22.1,3.1,6.6,103.0,8.0,33.1,4.0,12.4,1.9,3.6,57.5,14-Mar,5.1,12-Sep,0.4,0.0,0.4
315,0.0,0.2,0.0,0.0,0.0,0.0,0.2,0.1,0.3,0.0,0.1,0.0,0.0,0.5,0.8,2.8,0.3,0.8,0.1,0.3,4.2,0.2,0.4,0.0,0.0,0.0,0.0,0.3,13.3,63.4,6.7,22.3,3.2,6.7,103.9,8.0,33.4,4.1,12.5,2.0,3.7,58.3,15-Mar,5.2,13-Sep,0.4,0.0,0.4
316,0.0,0.2,0.0,0.0,0.0,0.0,0.2,0.1,0.3,0.0,0.1,0.0,0.0,0.5,0.8,2.9,0.3,0.8,0.1,0.3,4.4,0.2,0.4,0.0,0.0,0.0,0.0,0.3,13.5,63.8,6.7,22.5,3.2,6.7,104.6,8.1,33.8,4.1,12.6,2.0,3.8,59.0,16-Mar,5.4,14-Sep,0.4,0.0,0.4
317,0.0,0.2,0.0,0.0,0.0,0.0,0.2,0.1,0.3,0.0,0.1,0.0,0.0,0.5,0.8,3.0,0.3,0.9,0.1,0.3,4.7,0.2,0.4,0.0,0.0,0.0,0.0,0.3,13.7,64.3,6.8,22.6,3.2,6.7,105.2,8.1,34.1,4.1,12.8,2.0,3.8,59.7,17-Mar,5.7,15-Sep,0.4,0.0,0.4
318,0.0,0.2,0.0,0.0,0.0,0.0,0.2,0.1,0.3,0.0,0.1,0.0,0.0,0.5,0.8,3.1,0.3,0.9,0.1,0.3,4.8,0.2,0.4,0.0,0.0,0.0,0.0,0.3,13.7,64.8,6.9,22.8,3.3,6.8,106.0,8.2,34.4,4.2,12.9,2.0,3.8,60.1,18-Mar,5.8,16-Sep,0.4,0.0,0.4
319,0.0,0.2,0.0,0.0,0.0,0.0,0.2,0.1,0.3,0.0,0.1,0.0,0.0,0.5,0.8,3.2,0.3,0.9,0.1,0.3,4.8,0.2,0.4,0.0,0.0,0.0,0.0,0.3,13.7,65.1,7.0,23.0,3.4,6.9,106.9,8.2,34.7,4.2,13.0,2.0,3.9,60.5,19-Mar,5.8,17-Sep,0.4,0.0,0.4
320,0.0,0.2,0.0,0.0,0.0,0.0,0.2,0.1,0.3,0.0,0.1,0.0,0.0,0.5,0.9,3.3,0.3,0.9,0.1,0.3,4.9,0.2,0.4,0.0,0.0,0.0,0.0,0.3,13.7,65.4,7.0,23.2,3.4,7.0,107.8,8.3,35.0,4.2,13.0,2.0,3.9,60.8,20-Mar,5.9,18-Sep,0.4,0.0,0.4
321,0.0,0.2,0.0,0.0,0.0,0.0,0.2,0.1,0.3,0.0,0.1,0.0,0.0,0.5,0.9,3.4,0.3,0.9,0.1,0.3,5.0,0.2,0.4,0.0,0.0,0.0,0.0,0.3,13.8,65.7,7.0,23.4,3.5,7.1,108.7,8.4,35.3,4.3,13.1,2.0,3.9,61.2,21-Mar,6.0,19-Sep,0.4,0.0,0.4
322,0.0,0.2,0.0,0.0,0.0,0.0,0.2,0.1,0.3,0.0,0.1,0.0,0.0,0.5,0.9,3.5,0.4,0.9,0.1,0.3,5.1,0.2,0.4,0.0,0.0,0.0,0.0,0.3,13.9,66.0,7.0,23.6,3.5,7.2,109.5,8.5,35.6,4.3,13.3,2.1,3.9,61.8,22-Mar,6.1,20-Sep,0.4,0.0,0.4
323,0.0,0.2,0.0,0.0,0.0,0.0,0.2,0.1,0.3,0.0,0.1,0.0,0.0,0.5,0.9,3.6,0.4,0.9,0.1,0.3,5.2,0.2,0.4,0.0,0.0,0.0,0.0,0.3,14.0,66.3,7.0,23.7,3.5,7.2,110.0,8.5,35.9,4.4,13.4,2.1,4.0,62.3,23-Mar,6.2,21-Sep,0.4,0.0,0.4
324,0.0,0.2,0.0,0.0,0.0,0.0,0.2,0.1,0.3,0.0,0.1,0.0,0.0,0.5,0.9,3.7,0.4,1.0,0.1,0.3,5.3,0.2,0.5,0.0,0.0,0.0,0.0,0.3,14.1,66.7,7.1,23.9,3.5,7.2,110.6,8.6,36.2,4.4,13.5,2.1,4.0,62.7,24-Mar,6.3,22-Sep,0.4,0.0,0.4
325,0.0,0.2,0.0,0.0,0.0,0.0,0.2,0.1,0.3,0.0,0.1,0.0,0.0,0.5,0.9,3.8,0.4,1.0,0.1,0.3,5.5,0.2,0.5,0.0,0.0,0.0,0.0,0.3,14.2,67.2,7.2,24.1,3.6,7.3,111.4,8.6,36.5,4.4,13.5,2.1,4.0,63.1,25-Mar,6.5,23-Sep,0.5,0.0,0.5
326,0.0,0.2,0.0,0.0,0.0,0.0,0.2,0.1,0.3,0.0,0.1,0.0,0.0,0.5,0.9,3.9,0.4,1.1,0.2,0.3,5.7,0.2,0.5,0.0,0.0,0.0,0.0,0.3,14.3,67.6,7.4,24.4,3.6,7.3,112.4,8.7,36.7,4.4,13.6,2.1,4.0,63.5,26-Mar,6.7,24-Sep,0.5,0.0,0.5
327,0.0,0.2,0.0,0.0,0.0,0.0,0.2,0.1,0.3,0.0,0.1,0.0,0.0,0.5,0.9,3.9,0.4,1.1,0.2,0.3,5.8,0.2,0.5,0.0,0.0,0.0,0.0,0.3,14.3,68.1,7.4,24.6,3.7,7.4,113.4,8.8,37.0,4.5,13.7,2.1,4.0,63.9,27-Mar,6.8,25-Sep,0.5,0.0,0.5
328,0.0,0.2,0.0,0.0,0.0,0.0,0.2,0.1,0.3,0.0,0.1,0.0,0.0,0.5,0.9,3.9,0.4,1.1,0.2,0.3,5.8,0.2,0.5,0.0,0.0,0.0,0.0,0.3,14.3,68.4,7.5,24.8,3.8,7.5,114.2,8.8,37.2,4.5,13.8,2.2,4.0,64.3,28-Mar,6.8,26-Sep,0.5,0.0,0.5
329,0.0,0.2,0.0,0.0,0.0,0.0,0.2,0.1,0.3,0.0,0.1,0.0,0.0,0.5,0.9,4.0,0.4,1.1,0.2,0.3,5.8,0.2,0.5,0.0,0.0,0.0,0.0,0.3,14.4,68.8,7.5,25.0,3.8,7.6,115.0,8.8,37.5,4.5,13.9,2.2,4.1,64.7,29-Mar,6.8,27-Sep,0.6,0.0,0.6
330,0.0,0.2,0.0,0.0,0.0,0.0,0.2,0.1,0.3,0.0,0.1,0.0,0.0,0.5,1.0,4.0,0.4,1.1,0.2,0.3,5.9,0.2,0.5,0.0,0.0,0.0,0.0,0.3,14.5,69.1,7.5,25.2,3.8,7.6,115.8,8.9,37.7,4.6,13.9,2.2,4.1,65.1,30-Mar,6.9,28-Sep,0.6,0.0,0.6
331,0.0,0.2,0.0,0.0,0.0,0.0,0.2,0.1,0.3,0.0,0.1,0.0,0.0,0.5,1.0,4.1,0.4,1.1,0.2,0.3,5.9,0.2,0.5,0.0,0.0,0.0,0.0,0.3,14.5,69.5,7.6,25.4,3.9,7.7,116.5,8.9,37.8,4.6,14.0,2.2,4.2,65.5,31-Mar,6.9,29-Sep,0.7,0.0,0.7
401,0.0,0.2,0.0,0.0,0.0,0.0,0.2,0.1,0.3,0.0,0.1,0.0,0.0,0.5,1.0,4.1,0.4,1.1,0.2,0.3,5.9,0.2,0.5,0.0,0.0,0.0,0.0,0.3,14.6,69.7,7.6,25.5,3.9,7.8,117.4,9.0,38.0,4.6,14.1,2.2,4.2,65.8,1-Apr,6.9,30-Sep,0.7,0.0,0.7
402,0.0,0.2,0.0,0.0,0.0,0.0,0.2,0.1,0.3,0.0,0.1,0.0,0.0,0.5,1.0,4.2,0.4,1.1,0.2,0.3,6.0,0.2,0.5,0.0,0.0,0.0,0.0,0.3,14.6,70.0,7.7,25.8,3.9,7.9,118.2,9.0,38.2,4.6,14.1,2.2,4.2,66.1,2-Apr,7.0,1-Oct,0.8,0.0,0.8
403,0.0,0.2,0.0,0.0,0.0,0.0,0.2,0.1,0.3,0.0,0.1,0.0,0.0,0.5,1.1,4.3,0.5,1.1,0.2,0.3,6.2,0.2,0.5,0.0,0.0,0.0,0.0,0.3,14.8,70.5,7.7,26.0,4.0,8.0,119.0,9.0,38.4,4.6,14.2,2.3,4.2,66.4,3-Apr,7.2,2-Oct,0.8,0.0,0.8
404,0.0,0.2,0.0,0.0,0.0,0.0,0.2,0.1,0.3,0.0,0.1,0.0,0.0,0.5,1.1,4.5,0.5,1.2,0.2,0.3,6.4,0.2,0.5,0.0,0.0,0.0,0.0,0.3,14.9,70.9,7.8,26.1,4.0,8.0,119.9,9.1,38.6,4.7,14.3,2.3,4.2,66.6,4-Apr,7.4,3-Oct,0.8,0.0,0.8
405,0.0,0.2,0.0,0.0,0.0,0.0,0.2,0.1,0.3,0.0,0.1,0.0,0.0,0.5,1.1,4.5,0.5,1.3,0.2,0.3,6.5,0.2,0.5,0.0,0.0,0.0,0.0,0.3,15.1,71.5,7.9,26.4,4.0,8.1,121.0,9.2,38.8,4.7,14.3,2.3,4.2,66.9,5-Apr,7.5,4-Oct,0.8,0.0,0.8
406,0.0,0.2,0.0,0.0,0.0,0.0,0.2,0.1,0.3,0.0,0.1,0.0,0.0,0.5,1.1,4.6,0.5,1.3,0.2,0.3,6.6,0.2,0.5,0.0,0.0,0.0,0.0,0.3,15.2,72.2,8.1,26.8,4.1,8.2,122.5,9.2,39.0,4.7,14.4,2.3,4.2,67.2,6-Apr,7.6,5-Oct,0.8,0.0,0.8
407,0.0,0.2,0.0,0.0,0.0,0.0,0.2,0.1,0.3,0.0,0.1,0.0,0.0,0.5,1.1,4.7,0.5,1.3,0.2,0.3,6.7,0.2,0.5,0.0,0.0,0.0,0.0,0.3,15.2,72.9,8.1,27.1,4.1,8.3,123.9,9.2,39.2,4.7,14.4,2.3,4.2,67.4,7-Apr,7.7,6-Oct,0.8,0.0,0.8
408,0.0,0.2,0.0,0.0,0.0,0.0,0.2,0.1,0.3,0.0,0.1,0.0,0.0,0.5,1.1,4.8,0.5,1.3,0.2,0.3,6.9,0.2,0.5,0.0,0.0,0.0,0.0,0.3,15.4,73.6,8.2,27.3,4.2,8.4,125.1,9.3,39.4,4.8,14.5,2.3,4.2,67.6,8-Apr,7.9,7-Oct,0.8,0.0,0.8
409,0.0,0.2,0.0,0.0,0.0,0.0,0.2,0.1,0.3,0.0,0.1,0.0,0.0,0.5,1.2,4.9,0.5,1.4,0.2,0.4,7.1,0.2,0.5,0.0,0.0,0.0,0.0,0.3,15.4,74.2,8.2,27.6,4.2,8.5,126.3,9.4,39.6,4.8,14.5,2.4,4.3,67.9,9-Apr,8.1,8-Oct,0.8,0.0,0.8
410,0.0,0.2,0.0,0.0,0.0,0.0,0.2,0.1,0.3,0.0,0.1,0.0,0.0,0.5,1.2,5.0,0.5,1.4,0.2,0.4,7.3,0.2,0.5,0.0,0.0,0.0,0.0,0.3,15.5,74.7,8.3,27.9,4.3,8.6,127.5,9.4,39.7,4.8,14.5,2.4,4.3,68.1,10-Apr,8.3,9-Oct,0.8,0.0,0.8
411,0.0,0.2,0.0,0.0,0.0,0.0,0.2,0.1,0.3,0.0,0.1,0.0,0.0,0.5,1.2,5.0,0.5,1.4,0.2,0.4,7.5,0.2,0.5,0.0,0.0,0.0,0.0,0.3,15.6,75.3,8.4,28.2,4.3,8.6,128.6,9.4,39.8,4.8,14.6,2.4,4.3,68.3,11-Apr,8.5,10-Oct,0.9,0.1,1.0
412,0.0,0.2,0.0,0.0,0.0,0.0,0.2,0.1,0.3,0.0,0.1,0.0,0.0,0.5,1.2,5.1,0.5,1.5,0.2,0.5,7.7,0.2,0.5,0.0,0.0,0.0,0.0,0.3,15.7,75.8,8.5,28.4,4.3,8.7,129.5,9.4,39.9,4.9,14.7,2.4,4.3,68.6,12-Apr,8.7,11-Oct,0.9,0.1,1.0
413,0.0,0.2,0.0,0.0,0.0,0.0,0.2,0.1,0.3,0.0,0.1,0.0,0.0,0.5,1.3,5.2,0.6,1.5,0.2,0.5,8.0,0.2,0.5,0.0,0.0,0.0,0.0,0.3,15.7,76.4,8.5,28.6,4.4,8.7,130.4,9.4,40.0,4.9,14.7,2.4,4.3,68.7,13-Apr,9.0,12-Oct,0.9,0.1,1.0
414,0.0,0.2,0.0,0.0,0.0,0.0,0.2,0.1,0.3,0.0,0.1,0.0,0.0,0.5,1.3,5.3,0.6,1.6,0.2,0.5,8.3,0.2,0.5,0.0,0.0,0.0,0.0,0.3,15.7,76.8,8.5,28.8,4.4,8.8,131.4,9.4,40.1,4.9,14.7,2.4,4.3,68.8,14-Apr,9.3,13-Oct,0.9,0.1,1.0
415,0.0,0.2,0.0,0.0,0.0,0.0,0.2,0.1,0.3,0.0,0.1,0.0,0.0,0.5,1.3,5.5,0.6,1.7,0.3,0.6,8.6,0.2,0.5,0.0,0.0,0.0,0.0,0.3,15.8,77.1,8.5,28.9,4.4,8.9,132.1,9.5,40.2,4.9,14.7,2.4,4.3,68.9,15-Apr,9.6,14-Oct,0.9,0.1,1.0
416,0.0,0.2,0.0,0.0,0.0,0.0,0.2,0.1,0.3,0.0,0.1,0.0,0.0,0.5,1.3,5.6,0.6,1.8,0.3,0.6,9.0,0.3,0.5,0.0,0.0,0.0,0.0,0.3,15.8,77.4,8.5,29.0,4.4,9.0,132.7,9.5,40.3,4.9,14.7,2.4,4.3,68.9,16-Apr,10.0,15-Oct,0.9,0.1,1.0
417,0.0,0.2,0.0,0.0,0.0,0.0,0.2,0.1,0.3,0.0,0.1,0.0,0.0,0.5,1.3,5.7,0.6,1.9,0.3,0.7,9.5,0.3,0.5,0.0,0.0,0.0,0.0,0.3,15.9,77.7,8.5,29.1,4.4,9.0,133.0,9.6,40.4,4.9,14.7,2.4,4.3,69.0,17-Apr,10.5,16-Oct,0.9,0.1,1.0
418,0.0,0.2,0.0,0.0,0.0,0.0,0.2,0.1,0.3,0.0,0.1,0.0,0.0,0.5,1.4,5.9,0.6,2.0,0.3,0.7,9.9,0.3,0.6,0.0,0.0,0.0,0.0,0.4,16.0,78.0,8.6,29.1,4.4,9.0,133.3,9.6,40.6,4.9,14.8,2.4,4.3,69.3,18-Apr,11.0,17-Oct,0.9,0.1,1.0
419,0.0,0.2,0.0,0.0,0.0,0.0,0.2,0.1,0.3,0.0,0.1,0.0,0.0,0.5,1.4,6.0,0.6,2.1,0.3,0.8,10.5,0.3,0.6,0.0,0.0,0.0,0.0,0.4,16.0,78.2,8.6,29.2,4.5,9.0,133.7,9.6,40.7,5.0,14.8,2.4,4.3,69.6,19-Apr,11.6,18-Oct,1.0,0.1,1.1
420,0.0,0.2,0.0,0.0,0.0,0.0,0.2,0.1,0.3,0.0,0.1,0.0,0.0,0.5,1.4,6.2,0.7,2.1,0.3,0.9,11.0,0.3,0.6,0.0,0.0,0.0,0.0,0.4,16.0,78.4,8.6,29.2,4.5,9.0,134.0,9.6,40.8,5.0,14.9,2.4,4.3,69.8,20-Apr,12.1,19-Oct,1.1,0.1,1.2
421,0.0,0.2,0.0,0.0,0.0,0.0,0.2,0.1,0.3,0.0,0.1,0.0,0.0,0.5,1.4,6.3,0.7,2.2,0.4,0.9,11.5,0.3,0.6,0.0,0.0,0.0,0.0,0.4,16.0,78.6,8.6,29.3,4.5,9.1,134.2,9.6,40.9,5.0,15.0,2.5,4.4,70.0,21-Apr,12.6,20-Oct,1.2,0.1,1.3
422,0.0,0.2,0.0,0.0,0.0,0.0,0.2,0.1,0.3,0.0,0.1,0.0,0.0,0.5,1.4,6.4,0.7,2.3,0.4,1.0,12.0,0.3,0.6,0.0,0.0,0.0,0.0,0.4,16.2,78.8,8.6,29.3,4.5,9.1,134.6,9.6,41.0,5.0,15.0,2.5,4.4,70.3,22-Apr,13.1,21-Oct,1.3,0.1,1.4
423,0.1,0.3,0.0,0.0,0.0,0.0,0.3,0.1,0.3,0.0,0.1,0.0,0.0,0.5,1.4,6.5,0.7,2.4,0.4,1.0,12.3,0.3,0.6,0.0,0.0,0.0,0.0,0.4,16.2,79.0,8.7,29.3,4.5,9.1,134.8,9.7,41.2,5.0,15.1,2.5,4.4,70.7,23-Apr,13.5,22-Oct,1.4,0.2,1.6
424,0.1,0.4,0.0,0.0,0.0,0.0,0.3,0.1,0.3,0.0,0.1,0.0,0.0,0.5,1.5,6.7,0.7,2.4,0.4,1.0,12.5,0.3,0.6,0.0,0.0,0.0,0.0,0.4,16.2,79.2,8.7,29.4,4.5,9.1,135.1,9.7,41.3,5.0,15.1,2.5,4.4,70.9,24-Apr,13.7,23-Oct,1.5,0.2,1.7
425,0.1,0.4,0.0,0.0,0.0,0.0,0.3,0.1,0.3,0.0,0.1,0.0,0.0,0.5,1.5,6.8,0.7,2.5,0.4,1.1,12.8,0.3,0.6,0.0,0.0,0.0,0.0,0.4,16.3,79.4,8.7,29.4,4.5,9.1,135.3,9.7,41.4,5.0,15.1,2.5,4.4,71.0,25-Apr,14.0,24-Oct,1.6,0.4,2.0
426,0.1,0.4,0.0,0.0,0.0,0.0,0.3,0.1,0.3,0.0,0.1,0.0,0.0,0.5,1.5,6.9,0.7,2.5,0.4,1.1,13.0,0.3,0.7,0.0,0.0,0.0,0.0,0.4,16.3,79.5,8.7,29.4,4.5,9.1,135.5,9.7,41.4,5.0,15.1,2.5,4.4,71.0,26-Apr,14.2,25-Oct,1.7,0.4,2.1
427,0.1,0.4,0.0,0.0,0.0,0.0,0.3,0.1,0.3,0.0,0.1,0.0,0.0,0.5,1.5,7.1,0.7,2.6,0.4,1.1,13.2,0.3,0.7,0.0,0.0,0.0,0.0,0.5,16.3,79.7,8.7,29.5,4.5,9.1,135.7,9.7,41.4,5.0,15.1,2.5,4.4,71.0,27-Apr,14.5,26-Oct,1.8,0.4,2.2
428,0.1,0.4,0.0,0.0,0.0,0.0,0.3,0.1,0.3,0.0,0.1,0.0,0.0,0.5,1.5,7.2,0.8,2.6,0.4,1.1,13.3,0.4,0.8,0.1,0.1,0.0,0.0,0.6,16.3,79.8,8.7,29.5,4.5,9.1,135.9,9.7,41.4,5.0,15.1,2.5,4.4,71.0,28-Apr,14.7,27-Oct,1.9,0.4,2.3
429,0.1,0.4,0.0,0.0,0.0,0.0,0.3,0.1,0.3,0.0,0.1,0.0,0.0,0.5,1.6,7.2,0.8,2.6,0.4,1.1,13.5,0.4,0.9,0.1,0.2,0.1,0.0,1.0,16.3,79.9,8.7,29.6,4.5,9.1,136.0,9.7,41.5,5.0,15.1,2.5,4.4,71.0,29-Apr,15.3,28-Oct,2.0,0.4,2.4
430,0.1,0.4,0.0,0.0,0.0,0.0,0.3,0.1,0.3,0.0,0.1,0.0,0.0,0.5,1.7,7.4,0.8,2.7,0.4,1.1,13.6,0.4,1.0,0.1,0.2,0.1,0.1,1.4,16.3,79.9,8.7,29.6,4.5,9.1,136.1,9.8,41.5,5.0,15.1,2.5,4.4,71.1,30-Apr,15.8,29-Oct,2.1,0.4,2.5
501,0.1,0.4,0.0,0.0,0.0,0.0,0.3,0.1,0.3,0.0,0.1,0.0,0.0,0.5,1.7,7.5,0.8,2.7,0.4,1.1,13.8,0.4,1.1,0.1,0.3,0.1,0.1,1.6,16.3,79.9,8.7,29.6,4.5,9.1,136.2,9.8,41.6,5.0,15.1,2.5,4.4,71.1,1-May,16.2,30-Oct,2.2,0.5,2.7
502,0.1,0.4,0.0,0.0,0.0,0.0,0.3,0.1,0.3,0.0,0.1,0.0,0.0,0.5,1.7,7.6,0.8,2.7,0.4,1.1,13.9,0.4,1.2,0.1,0.4,0.1,0.1,1.8,16.4,80.0,8.7,29.6,4.5,9.1,136.2,9.8,41.6,5.0,15.1,2.5,4.4,71.2,2-May,16.5,31-Oct,2.2,0.5,2.7
503,0.1,0.4,0.0,0.0,0.0,0.0,0.3,0.1,0.3,0.0,0.1,0.0,0.0,0.5,1.7,7.7,0.8,2.7,0.4,1.1,13.9,0.4,1.3,0.2,0.4,0.1,0.2,2.1,16.5,80.1,8.7,29.6,4.5,9.1,136.3,9.8,41.6,5.0,15.1,2.5,4.4,71.2,3-May,16.8,1-Nov,2.3,0.6,2.9
504,0.1,0.4,0.0,0.0,0.0,0.0,0.3,0.1,0.3,0.0,0.1,0.0,0.0,0.5,1.8,7.7,0.8,2.7,0.4,1.1,14.0,0.4,1.4,0.2,0.5,0.2,0.2,2.3,16.5,80.2,8.8,29.6,4.5,9.1,136.4,9.8,41.7,5.1,15.1,2.5,4.4,71.3,4-May,17.1,2-Nov,2.5,0.7,3.2
505,0.1,0.4,0.0,0.0,0.0,0.0,0.3,0.1,0.3,0.0,0.1,0.0,0.0,0.5,1.8,7.8,0.8,2.8,0.5,1.1,14.1,0.4,1.4,0.2,0.5,0.2,0.2,2.4,16.5,80.4,8.8,29.7,4.5,9.1,136.6,9.8,41.8,5.1,15.1,2.5,4.4,71.3,5-May,17.3,3-Nov,2.6,0.9,3.5
506,0.1,0.4,0.0,0.0,0.0,0.0,0.3,0.1,0.3,0.0,0.1,0.0,0.0,0.5,1.8,7.9,0.8,2.8,0.5,1.2,14.3,0.5,1.5,0.2,0.5,0.2,0.2,2.5,16.5,80.5,8.8,29.7,4.5,9.1,136.8,9.8,41.8,5.1,15.1,2.5,4.4,71.3,6-May,17.6,4-Nov,2.9,1.0,3.9
507,0.1,0.4,0.0,0.0,0.0,0.0,0.3,0.1,0.3,0.0,0.1,0.0,0.0,0.5,1.8,8.0,0.9,2.8,0.5,1.2,14.5,0.5,1.6,0.2,0.5,0.2,0.2,2.5,16.5,80.7,8.8,29.7,4.5,9.1,136.9,9.8,41.8,5.1,15.1,2.5,4.4,71.4,7-May,17.8,5-Nov,3.1,1.0,4.1
508,0.1,0.4,0.0,0.0,0.0,0.0,0.3,0.1,0.3,0.0,0.1,0.0,0.0,0.5,1.9,8.1,0.9,2.9,0.5,1.2,14.7,0.6,1.7,0.2,0.5,0.2,0.2,2.7,16.5,80.8,8.9,29.8,4.5,9.1,137.0,9.9,41.9,5.1,15.1,2.5,4.4,71.4,8-May,18.2,6-Nov,3.4,1.1,4.5
509,0.1,0.4,0.0,0.0,0.0,0.0,0.3,0.1,0.3,0.0,0.1,0.0,0.0,0.5,1.9,8.3,0.9,2.9,0.5,1.2,14.9,0.6,1.8,0.2,0.6,0.2,0.2,2.9,16.6,80.9,8.9,29.8,4.5,9.1,137.2,9.9,41.9,5.1,15.2,2.5,4.4,71.4,9-May,18.6,7-Nov,3.8,1.1,4.9
510,0.1,0.4,0.0,0.0,0.0,0.0,0.3,0.1,0.3,0.0,0.1,0.0,0.0,0.5,1.9,8.5,1.0,3.0,0.6,1.3,15.4,0.6,1.9,0.2,0.6,0.2,0.3,3.1,16.6,81.0,8.9,29.9,4.5,9.1,137.4,9.9,42.0,5.1,15.2,2.5,4.4,71.5,10-May,19.3,8-Nov,4.3,1.1,5.4
511,0.1,0.4,0.0,0.0,0.0,0.0,0.4,0.1,0.3,0.0,0.1,0.0,0.0,0.5,2.0,8.7,1.0,3.1,0.6,1.3,16.0,0.6,2.0,0.2,0.6,0.2,0.3,3.2,16.6,81.1,8.9,29.9,4.5,9.1,137.5,9.9,42.0,5.1,15.2,2.5,4.4,71.5,11-May,20.1,9-Nov,4.7,1.1,5.8
512,0.1,0.4,0.0,0.0,0.0,0.0,0.4,0.1,0.3,0.0,0.1,0.0,0.0,0.5,2.0,8.9,1.0,3.2,0.6,1.4,16.6,0.6,2.0,0.2,0.6,0.2,0.3,3.2,16.7,81.2,8.9,29.9,4.5,9.1,137.6,9.9,42.0,5.1,15.2,2.5,4.4,71.5,12-May,20.7,10-Nov,5.0,1.1,6.1
513,0.1,0.4,0.0,0.0,0.0,0.0,0.4,0.1,0.3,0.0,0.1,0.0,0.0,0.5,2.0,9.0,1.0,3.3,0.6,1.4,17.0,0.6,2.1,0.2,0.6,0.2,0.3,3.3,16.7,81.4,8.9,30.0,4.5,9.1,137.8,9.9,42.0,5.1,15.2,2.5,4.4,71.5,13-May,21.2,11-Nov,5.4,1.1,6.5
514,0.1,0.4,0.0,0.0,0.0,0.0,0.4,0.1,0.3,0.0,0.1,0.0,0.0,0.5,2.0,9.2,1.0,3.4,0.6,1.5,17.5,0.7,2.1,0.2,0.6,0.2,0.3,3.3,16.7,81.5,8.9,30.0,4.6,9.2,138.0,9.9,42.0,5.1,15.2,2.5,4.4,71.6,14-May,21.7,12-Nov,5.7,1.1,6.8
515,0.1,0.4,0.0,0.0,0.0,0.0,0.4,0.2,0.4,0.0,0.1,0.0,0.0,0.5,2.1,9.4,1.1,3.6,0.6,1.6,18.2,0.7,2.2,0.2,0.6,0.2,0.3,3.4,16.7,81.5,8.9,30.0,4.6,9.2,138.0,10.0,42.1,5.1,15.2,2.5,4.4,71.6,15-May,22.5,13-Nov,6.0,1.1,7.1
516,0.1,0.4,0.0,0.0,0.0,0.0,0.4,0.2,0.4,0.1,0.2,0.0,0.0,0.6,2.1,9.6,1.1,3.7,0.7,1.6,18.9,0.7,2.3,0.2,0.6,0.2,0.3,3.4,16.7,81.6,8.9,30.0,4.6,9.2,138.1,10.0,42.1,5.1,15.2,2.5,4.4,71.6,16-May,23.3,14-Nov,6.2,1.2,7.4
517,0.1,0.4,0.0,0.0,0.0,0.0,0.4,0.2,0.4,0.1,0.2,0.0,0.0,0.7,2.3,9.9,1.1,3.9,0.7,1.7,19.7,0.7,2.3,0.2,0.6,0.2,0.3,3.5,16.7,81.6,8.9,30.0,4.6,9.2,138.1,10.0,42.1,5.1,15.2,2.5,4.4,71.6,17-May,24.3,15-Nov,6.5,1.3,7.8
518,0.1,0.4,0.0,0.0,0.0,0.0,0.4,0.2,0.5,0.1,0.2,0.0,0.0,0.7,2.4,10.3,1.2,4.1,0.7,1.8,20.4,0.8,2.5,0.3,0.7,0.2,0.3,3.7,16.7,81.7,8.9,30.0,4.6,9.2,138.2,10.0,42.1,5.1,15.2,2.5,4.4,71.6,18-May,25.2,16-Nov,6.9,1.4,8.3
519,0.1,0.4,0.0,0.0,0.0,0.0,0.4,0.3,0.6,0.1,0.2,0.0,0.0,0.8,2.4,10.6,1.3,4.2,0.7,1.8,21.0,0.9,2.7,0.3,0.8,0.3,0.3,4.1,16.7,81.7,8.9,30.0,4.6,9.2,138.2,10.0,42.1,5.1,15.2,2.5,4.4,71.6,19-May,26.3,17-Nov,7.3,1.6,8.9
520,0.1,0.4,0.0,0.0,0.0,0.0,0.4,0.3,0.7,0.1,0.2,0.0,0.0,0.9,2.5,11.0,1.3,4.4,0.8,1.9,22.0,0.9,2.9,0.4,0.9,0.3,0.4,4.6,16.7,81.7,8.9,30.0,4.6,9.2,138.2,10.0,42.1,5.1,15.2,2.5,4.4,71.6,20-May,27.9,18-Nov,7.6,1.7,9.3
521,0.1,0.4,0.0,0.0,0.0,0.0,0.4,0.3,0.7,0.1,0.2,0.0,0.0,0.9,2.5,11.3,1.3,4.6,0.8,2.0,22.9,0.9,3.1,0.4,0.9,0.3,0.4,4.8,16.7,81.7,8.9,30.0,4.6,9.2,138.2,10.0,42.1,5.1,15.2,2.5,4.4,71.6,21-May,29.0,19-Nov,7.9,1.9,9.8
522,0.1,0.4,0.0,0.0,0.0,0.0,0.4,0.4,0.8,0.1,0.2,0.0,0.0,1.0,2.6,11.6,1.3,4.7,0.8,2.1,23.5,0.9,3.2,0.4,0.9,0.3,0.4,5.0,16.7,81.7,8.9,30.0,4.6,9.2,138.2,10.0,42.1,5.1,15.2,2.5,4.4,71.6,22-May,29.9,20-Nov,8.3,1.9,10.2
523,0.1,0.4,0.0,0.0,0.0,0.0,0.4,0.4,0.9,0.1,0.2,0.0,0.0,1.1,2.6,11.8,1.4,4.8,0.8,2.1,23.8,0.9,3.2,0.5,0.9,0.3,0.4,5.0,16.7,81.7,8.9,30.0,4.6,9.2,138.2,10.0,42.2,5.1,15.2,2.5,4.4,71.6,23-May,30.3,21-Nov,8.8,1.9,10.7
524,0.1,0.4,0.0,0.0,0.0,0.0,0.4,0.4,1.1,0.1,0.2,0.0,0.0,1.2,2.6,11.9,1.4,4.8,0.8,2.1,24.1,1.0,3.3,0.5,1.0,0.3,0.4,5.1,16.7,81.7,8.9,30.0,4.6,9.2,138.2,10.0,42.2,5.1,15.2,2.5,4.4,71.7,24-May,30.8,22-Nov,9.3,2.0,11.3
525,0.1,0.4,0.0,0.0,0.0,0.0,0.4,0.5,1.2,0.2,0.3,0.0,0.0,1.5,2.6,12.0,1.4,4.9,0.9,2.1,24.5,1.0,3.4,0.5,1.0,0.3,0.4,5.4,16.7,81.7,8.9,30.0,4.6,9.2,138.2,10.0,42.3,5.1,15.2,2.5,4.4,71.7,25-May,31.8,23-Nov,10.0,2.1,12.1
526,0.1,0.4,0.0,0.0,0.0,0.0,0.4,0.5,1.4,0.2,0.3,0.0,0.0,1.7,2.6,12.1,1.4,5.0,0.9,2.1,24.7,1.0,3.5,0.5,1.1,0.3,0.4,5.5,16.7,81.8,8.9,30.0,4.6,9.2,138.2,10.0,42.3,5.1,15.2,2.5,4.4,71.7,26-May,32.3,24-Nov,10.5,2.2,12.7
527,0.1,0.4,0.0,0.0,0.0,0.0,0.4,0.5,1.5,0.2,0.4,0.0,0.0,1.9,2.7,12.2,1.4,5.0,0.9,2.1,24.8,1.1,3.6,0.5,1.1,0.3,0.4,5.6,16.7,81.8,8.9,30.0,4.6,9.2,138.3,10.0,42.3,5.1,15.2,2.5,4.4,71.7,27-May,32.7,25-Nov,10.9,2.3,13.2
528,0.1,0.4,0.0,0.0,0.0,0.0,0.4,0.6,1.7,0.2,0.4,0.0,0.0,2.1,2.7,12.3,1.4,5.0,0.9,2.1,24.9,1.1,3.7,0.5,1.1,0.3,0.4,5.7,16.7,81.8,8.9,30.0,4.6,9.2,138.3,10.0,42.3,5.1,15.2,2.5,4.4,71.7,28-May,33.1,26-Nov,11.2,2.5,13.7
529,0.1,0.4,0.0,0.0,0.0,0.0,0.4,0.6,1.8,0.3,0.4,0.1,0.0,2.3,2.8,12.4,1.5,5.0,0.9,2.1,25.0,1.1,3.7,0.5,1.1,0.3,0.4,5.7,16.7,81.8,8.9,30.0,4.6,9.2,138.3,10.1,42.4,5.1,15.2,2.5,4.4,71.7,29-May,33.4,27-Nov,11.6,2.7,14.3
530,0.1,0.4,0.0,0.0,0.0,0.0,0.4,0.7,2.1,0.3,0.5,0.1,0.1,2.7,2.8,12.6,1.5,5.1,0.9,2.2,25.3,1.1,3.8,0.5,1.1,0.3,0.4,5.8,16.7,81.8,8.9,30.0,4.6,9.2,138.3,10.1,42.4,5.1,15.2,2.5,4.4,71.7,30-May,34.2,28-Nov,12.0,2.9,14.9
531,0.1,0.4,0.0,0.0,0.0,0.0,0.4,0.7,2.2,0.3,0.6,0.1,0.1,3.0,2.8,12.7,1.5,5.1,0.9,2.2,25.6,1.2,3.8,0.5,1.1,0.3,0.4,5.8,16.7,81.8,8.9,30.0,4.6,9.2,138.3,10.1,42.4,5.1,15.2,2.5,4.4,71.7,31-May,34.8,29-Nov,12.4,2.9,15.3
601,0.2,0.5,0.0,0.0,0.0,0.0,0.4,0.8,2.3,0.3,0.6,0.1,0.1,3.2,2.8,12.8,1.5,5.2,0.9,2.2,25.9,1.2,3.9,0.5,1.1,0.3,0.4,5.8,16.7,81.8,8.9,30.0,4.6,9.2,138.3,10.1,42.4,5.1,15.2,2.5,4.4,71.7,1-Jun,35.3,30-Nov,12.6,3.0,15.6
602,0.2,0.5,0.0,0.0,0.0,0.0,0.4,0.8,2.5,0.3,0.6,0.1,0.1,3.3,2.9,13.0,1.6,5.3,0.9,2.2,26.2,1.3,4.0,0.5,1.1,0.3,0.4,5.9,16.7,81.8,8.9,30.0,4.6,9.2,138.3,10.1,42.4,5.1,15.2,2.5,4.4,71.7,2-Jun,35.8,1-Dec,12.8,3.0,15.8
603,0.2,0.6,0.0,0.0,0.0,0.0,0.4,0.9,2.6,0.3,0.6,0.1,0.1,3.4,2.9,13.2,1.6,5.4,0.9,2.2,26.6,1.3,4.1,0.5,1.1,0.3,0.5,6.2,16.7,81.8,8.9,30.0,4.6,9.2,138.3,10.1,42.4,5.1,15.2,2.5,4.4,71.7,3-Jun,36.6,2-Dec,13.0,3.0,16.0
604,0.3,0.6,0.0,0.0,0.0,0.0,0.5,0.9,2.7,0.3,0.6,0.1,0.1,3.5,2.9,13.3,1.6,5.5,0.9,2.3,26.8,1.3,4.3,0.6,1.2,0.3,0.5,6.5,16.7,81.8,8.9,30.0,4.6,9.2,138.3,10.1,42.4,5.1,15.2,2.5,4.4,71.7,4-Jun,37.3,3-Dec,13.3,3.0,16.3
605,0.3,0.7,0.1,0.0,0.0,0.0,0.6,0.9,2.9,0.3,0.6,0.1,0.1,3.6,3.0,13.5,1.6,5.6,1.0,2.3,27.2,1.4,4.4,0.6,1.2,0.4,0.5,6.8,16.7,81.8,8.9,30.0,4.6,9.2,138.3,10.1,42.4,5.1,15.2,2.5,4.4,71.8,5-Jun,38.2,4-Dec,13.8,3.0,16.8
606,0.3,0.7,0.1,0.0,0.0,0.0,0.6,0.9,2.9,0.3,0.7,0.1,0.1,3.7,3.1,13.7,1.6,5.6,1.0,2.4,27.6,1.4,4.6,0.6,1.3,0.4,0.6,7.1,16.7,81.8,8.9,30.0,4.6,9.2,138.3,10.1,42.4,5.1,15.2,2.5,4.4,71.8,6-Jun,39.0,5-Dec,14.3,3.1,17.4
607,0.4,0.8,0.1,0.0,0.0,0.0,0.7,0.9,3.0,0.3,0.7,0.1,0.1,3.8,3.1,13.9,1.6,5.7,1.0,2.4,28.0,1.4,4.7,0.6,1.3,0.4,0.6,7.3,16.7,81.8,8.9,30.0,4.6,9.2,138.3,10.1,42.4,5.1,15.2,2.5,4.4,71.9,7-Jun,39.8,6-Dec,14.8,3.3,18.1
608,0.4,0.8,0.1,0.0,0.0,0.0,0.7,1.0,3.1,0.3,0.7,0.1,0.1,3.9,3.1,14.2,1.6,5.7,1.0,2.4,28.3,1.4,4.9,0.6,1.3,0.4,0.6,7.5,16.7,81.8,8.9,30.0,4.6,9.2,138.3,10.1,42.5,5.1,15.3,2.5,4.4,72.0,8-Jun,40.4,7-Dec,15.4,3.9,19.3
609,0.4,0.8,0.1,0.0,0.0,0.0,0.7,1.0,3.2,0.4,0.7,0.1,0.1,3.9,3.1,14.4,1.7,5.8,1.0,2.4,28.6,1.4,5.0,0.6,1.4,0.4,0.6,7.7,16.8,81.8,8.9,30.0,4.6,9.2,138.3,10.1,42.5,5.1,15.3,2.5,4.4,72.0,9-Jun,40.9,8-Dec,16.2,4.4,20.6
610,0.4,0.9,0.1,0.0,0.0,0.0,0.7,1.1,3.2,0.4,0.7,0.1,0.1,4.1,3.2,14.6,1.7,6.0,1.1,2.5,29.2,1.5,5.1,0.6,1.4,0.4,0.6,7.8,16.8,81.9,8.9,30.0,4.6,9.2,138.3,10.1,42.5,5.1,15.3,2.5,4.4,72.0,10-Jun,41.8,9-Dec,17.0,4.9,21.9
611,0.4,0.9,0.1,0.0,0.0,0.0,0.7,1.2,3.4,0.4,0.8,0.1,0.1,4.2,3.2,14.9,1.7,6.1,1.1,2.5,29.7,1.5,5.2,0.6,1.4,0.4,0.6,7.8,16.8,81.9,8.9,30.0,4.6,9.2,138.3,10.1,42.6,5.2,15.3,2.5,4.4,72.1,11-Jun,42.4,10-Dec,17.8,5.3,23.1
612,0.4,1.0,0.1,0.0,0.0,0.0,0.8,1.2,3.5,0.4,0.8,0.1,0.1,4.4,3.2,15.0,1.7,6.1,1.1,2.6,30.0,1.5,5.3,0.6,1.4,0.4,0.6,7.9,16.8,81.9,8.9,30.0,4.6,9.2,138.3,10.1,42.6,5.2,15.3,2.5,4.5,72.2,12-Jun,43.1,11-Dec,18.4,5.5,23.9
613,0.5,1.0,0.1,0.0,0.0,0.0,0.9,1.2,3.7,0.4,0.9,0.1,0.1,4.6,3.3,15.1,1.8,6.2,1.1,2.6,30.3,1.6,5.3,0.6,1.4,0.4,0.6,7.9,16.8,81.9,8.9,30.0,4.6,9.2,138.3,10.1,42.6,5.2,15.3,2.5,4.5,72.3,13-Jun,43.7,12-Dec,18.8,5.8,24.6
614,0.5,1.1,0.1,0.0,0.0,0.0,0.9,1.3,3.9,0.4,0.9,0.2,0.2,4.9,3.3,15.3,1.8,6.3,1.1,2.6,30.6,1.6,5.3,0.6,1.4,0.4,0.6,7.9,16.8,81.9,8.9,30.0,4.6,9.2,138.3,10.1,42.7,5.2,15.3,2.5,4.5,72.4,14-Jun,44.3,13-Dec,19.1,5.9,25.0
615,0.5,1.1,0.1,0.0,0.0,0.0,1.0,1.3,4.1,0.4,1.0,0.2,0.2,5.4,3.3,15.4,1.9,6.3,1.1,2.6,30.8,1.6,5.4,0.6,1.4,0.4,0.6,8.0,16.8,81.9,8.9,30.0,4.6,9.2,138.3,10.1,42.7,5.2,15.3,2.5,4.5,72.4,15-Jun,45.2,14-Dec,19.6,6.0,25.6
616,0.5,1.2,0.1,0.0,0.0,0.0,1.0,1.3,4.3,0.4,1.1,0.2,0.2,5.6,3.3,15.5,1.9,6.3,1.1,2.6,31.0,1.6,5.4,0.6,1.4,0.4,0.6,8.0,16.8,81.9,8.9,30.0,4.6,9.2,138.3,10.1,42.7,5.2,15.3,2.5,4.5,72.4,16-Jun,45.6,15-Dec,20.2,6.1,26.3
617,0.5,1.2,0.1,0.0,0.0,0.0,1.0,1.4,4.5,0.4,1.1,0.2,0.2,5.9,3.4,15.6,1.9,6.4,1.1,2.7,31.4,1.6,5.4,0.6,1.4,0.4,0.6,8.0,16.8,81.9,8.9,30.0,4.6,9.2,138.3,10.1,42.7,5.2,15.3,2.5,4.5,72.4,17-Jun,46.3,16-Dec,20.9,6.2,27.1
618,0.5,1.2,0.1,0.0,0.0,0.0,1.0,1.6,4.7,0.5,1.2,0.2,0.2,6.2,3.5,15.8,1.9,6.5,1.1,2.7,31.9,1.7,5.5,0.6,1.4,0.4,0.6,8.0,16.8,81.9,8.9,30.0,4.6,9.2,138.3,10.1,42.7,5.2,15.3,2.5,4.5,72.4,18-Jun,47.1,17-Dec,21.5,6.2,27.7
619,0.5,1.2,0.1,0.0,0.0,0.0,1.0,1.7,5.0,0.5,1.2,0.2,0.3,6.6,3.6,16.1,2.0,6.6,1.2,2.8,32.5,1.7,5.5,0.6,1.4,0.4,0.6,8.1,16.8,81.9,8.9,30.0,4.6,9.2,138.3,10.1,42.7,5.2,15.3,2.5,4.5,72.4,19-Jun,48.2,18-Dec,22.0,6.3,28.3
620,0.6,1.3,0.1,0.0,0.0,0.0,1.1,1.8,5.5,0.6,1.3,0.2,0.3,7.0,3.7,16.4,2.0,6.7,1.2,2.8,33.0,1.7,5.6,0.6,1.4,0.4,0.6,8.1,16.8,81.9,8.9,30.0,4.6,9.2,138.3,10.1,42.7,5.2,15.3,2.5,4.5,72.4,20-Jun,49.2,19-Dec,22.5,6.3,28.8
621,0.6,1.4,0.1,0.0,0.0,0.0,1.2,1.9,5.8,0.7,1.4,0.2,0.3,7.5,3.7,16.7,2.1,6.9,1.2,2.8,33.5,1.7,5.6,0.6,1.4,0.4,0.6,8.1,16.8,81.9,9.0,30.0,4.6,9.2,138.4,10.1,42.7,5.2,15.3,2.5,4.5,72.4,21-Jun,50.3,20-Dec,23.4,6.4,29.8
622,0.6,1.4,0.1,0.0,0.0,0.0,1.2,2.0,6.2,0.7,1.6,0.2,0.3,8.2,3.8,17.1,2.1,7.0,1.2,2.8,34.0,1.7,5.6,0.6,1.4,0.4,0.6,8.1,16.8,82.0,9.0,30.0,4.6,9.2,138.4,10.1,42.7,5.2,15.3,2.5,4.5,72.4,22-Jun,51.5,21-Dec,24.2,6.5,30.7
623,0.6,1.4,0.1,0.0,0.0,0.0,1.2,2.0,6.6,0.7,1.7,0.2,0.3,8.8,3.8,17.5,2.2,7.2,1.2,2.8,34.6,1.7,5.6,0.6,1.4,0.4,0.6,8.1,16.8,82.0,9.0,30.0,4.6,9.2,138.4,10.1,42.7,5.2,15.3,2.5,4.5,72.4,23-Jun,52.7,22-Dec,24.9,6.7,31.6
624,0.6,1.4,0.1,0.0,0.0,0.0,1.2,2.1,6.9,0.8,1.9,0.3,0.4,9.5,4.0,17.9,2.3,7.4,1.3,2.8,35.4,1.7,5.6,0.6,1.4,0.4,0.6,8.1,16.8,82.0,9.0,30.0,4.6,9.2,138.4,10.1,42.7,5.2,15.3,2.5,4.5,72.4,24-Jun,54.2,23-Dec,25.6,7.0,32.6
625,0.6,1.4,0.1,0.0,0.0,0.0,1.2,2.2,7.2,0.9,2.1,0.3,0.4,10.2,4.1,18.4,2.3,7.5,1.3,2.9,36.1,1.7,5.6,0.6,1.4,0.4,0.6,8.1,16.8,82.0,9.0,30.0,4.6,9.2,138.4,10.1,42.7,5.2,15.3,2.5,4.5,72.4,25-Jun,55.6,24-Dec,26.4,7.2,33.6
626,0.6,1.4,0.1,0.1,0.0,0.0,1.2,2.2,7.5,0.9,2.3,0.4,0.5,11.0,4.2,18.8,2.3,7.6,1.3,3.0,36.8,1.7,5.6,0.6,1.4,0.4,0.6,8.1,16.8,82.0,9.0,30.0,4.6,9.2,138.4,10.1,42.7,5.2,15.3,2.5,4.5,72.4,26-Jun,57.1,25-Dec,27.2,7.5,34.7
627,0.7,1.5,0.1,0.1,0.0,0.0,1.3,2.4,7.8,0.9,2.4,0.4,0.6,11.6,4.2,19.1,2.4,7.8,1.4,3.0,37.4,1.7,5.6,0.6,1.4,0.4,0.6,8.1,16.8,82.0,9.0,30.0,4.6,9.2,138.4,10.1,42.7,5.2,15.3,2.5,4.5,72.4,27-Jun,58.4,26-Dec,28.0,7.9,35.9
628,0.7,1.6,0.1,0.1,0.0,0.0,1.3,2.5,8.2,1.0,2.5,0.4,0.6,12.2,4.3,19.4,2.5,8.0,1.4,3.0,38.2,1.7,5.6,0.6,1.4,0.4,0.6,8.1,16.8,82.0,9.0,30.0,4.6,9.2,138.4,10.1,42.7,5.2,15.3,2.5,4.5,72.4,28-Jun,59.8,27-Dec,28.7,8.5,37.2
629,0.7,1.6,0.1,0.1,0.0,0.0,1.4,2.5,8.5,1.0,2.7,0.4,0.7,12.8,4.3,19.8,2.5,8.2,1.4,3.1,39.0,1.7,5.6,0.6,1.4,0.4,0.6,8.1,16.8,82.0,9.0,30.0,4.6,9.2,138.4,10.1,42.7,5.2,15.3,2.5,4.5,72.4,29-Jun,61.3,28-Dec,29.2,9.2,38.4
630,0.8,1.7,0.1,0.1,0.0,0.0,1.4,2.7,8.9,1.1,2.9,0.4,0.7,13.5,4.4,20.2,2.5,8.4,1.4,3.1,39.7,1.7,5.6,0.6,1.4,0.4,0.6,8.2,16.8,82.0,9.0,30.0,4.6,9.2,138.4,10.1,42.7,5.2,15.3,2.5,4.5,72.4,30-Jun,62.8,29-Dec,29.6,9.9,39.5
701,0.8,1.8,0.1,0.1,0.0,0.0,1.6,2.7,9.2,1.2,3.0,0.4,0.7,14.2,4.6,20.5,2.5,8.5,1.4,3.2,40.2,1.7,5.6,0.6,1.4,0.4,0.6,8.2,0.0,0.0,0.0,0.0,0.0,0.0,0.0,0.0,0.0,0.0,0.0,0.0,0.0,0.0,1-Jul,64.2,30-Dec,29.9,10.5,40.4
702,0.8,1.9,0.1,0.1,0.0,0.0,1.7,2.7,9.5,1.2,3.3,0.5,0.8,14.9,4.6,20.9,2.6,8.6,1.4,3.2,40.6,1.7,5.6,0.6,1.4,0.4,0.6,8.2,0.0,0.0,0.0,0.0,0.0,0.0,0.0,0.0,0.0,0.0,0.0,0.0,0.0,0.0,2-Jul,65.4,31-Dec,30.2,11.1,41.3
703,0.8,1.9,0.1,0.1,0.0,0.0,1.7,2.8,9.8,1.2,3.4,0.5,0.8,15.4,4.7,21.3,2.7,8.6,1.4,3.2,41.0,1.8,5.7,0.6,1.4,0.4,0.6,8.2,0.0,0.0,0.0,0.0,0.0,0.0,0.0,0.0,0.0,0.0,0.0,0.0,0.0,0.0,3-Jul,66.3,1-Jan,30.5,11.5,42.0
704,0.9,2.0,0.1,0.1,0.0,0.0,1.8,2.9,10.1,1.2,3.4,0.5,0.8,15.7,4.8,21.6,2.8,8.8,1.5,3.2,41.6,1.8,5.7,0.6,1.4,0.4,0.6,8.2,0.0,0.0,0.0,0.0,0.0,0.0,0.0,0.0,0.0,0.0,0.0,0.0,0.0,0.0,4-Jul,67.3,2-Jan,30.8,12.1,42.9
705,0.9,2.1,0.1,0.1,0.0,0.0,1.8,3.0,10.4,1.2,3.5,0.5,0.8,16.0,4.8,22.0,2.8,9.0,1.5,3.3,42.4,1.8,5.7,0.6,1.4,0.4,0.6,8.2,0.0,0.0,0.0,0.0,0.0,0.0,0.0,0.0,0.0,0.0,0.0,0.0,0.0,0.0,5-Jul,68.4,3-Jan,31.1,12.7,43.8
706,1.0,2.2,0.1,0.1,0.0,0.0,1.9,3.1,10.6,1.3,3.5,0.5,0.8,16.3,4.8,22.2,2.8,9.2,1.6,3.4,43.2,1.8,5.7,0.6,1.4,0.4,0.6,8.2,0.0,0.0,0.0,0.0,0.0,0.0,0.0,0.0,0.0,0.0,0.0,0.0,0.0,0.0,6-Jul,69.6,4-Jan,31.5,13.5,45.0
707,1.0,2.3,0.2,0.1,0.0,0.0,2.0,3.2,10.9,1.3,3.6,0.5,0.8,16.8,4.9,22.5,2.9,9.3,1.6,3.5,43.9,1.8,5.7,0.6,1.4,0.4,0.6,8.2,0.0,0.0,0.0,0.0,0.0,0.0,0.0,0.0,0.0,0.0,0.0,0.0,0.0,0.0,7-Jul,70.9,5-Jan,31.9,14.6,46.5
708,1.0,2.4,0.3,0.2,0.1,0.0,2.3,3.3,11.2,1.3,3.8,0.5,0.8,17.2,5.0,22.8,2.9,9.5,1.6,3.6,44.7,1.8,5.7,0.6,1.4,0.4,0.6,8.2,0.0,0.0,0.0,0.0,0.0,0.0,0.0,0.0,0.0,0.0,0.0,0.0,0.0,0.0,8-Jul,72.4,6-Jan,32.5,15.6,48.1
709,1.1,2.6,0.3,0.3,0.1,0.1,2.7,3.4,11.5,1.4,3.8,0.5,0.8,17.7,5.2,23.2,2.9,9.7,1.6,3.7,45.5,1.8,5.7,0.6,1.4,0.4,0.6,8.2,0.0,0.0,0.0,0.0,0.0,0.0,0.0,0.0,0.0,0.0,0.0,0.0,0.0,0.0,9-Jul,74.1,7-Jan,33.2,16.3,49.5
710,1.1,2.7,0.3,0.4,0.1,0.1,3.1,3.5,11.9,1.5,4.0,0.5,0.8,18.1,5.3,23.8,3.1,9.9,1.6,3.7,46.4,1.8,5.7,0.6,1.4,0.4,0.6,8.2,0.0,0.0,0.0,0.0,0.0,0.0,0.0,0.0,0.0,0.0,0.0,0.0,0.0,0.0,10-Jul,75.8,8-Jan,34.3,17.0,51.3
711,1.1,2.9,0.3,0.5,0.1,0.1,3.5,3.6,12.2,1.5,4.1,0.6,0.9,18.7,5.4,24.4,3.1,10.2,1.6,3.7,47.4,1.8,5.7,0.6,1.4,0.4,0.6,8.2,0.0,0.0,0.0,0.0,0.0,0.0,0.0,0.0,0.0,0.0,0.0,0.0,0.0,0.0,11-Jul,77.8,9-Jan,35.5,17.6,53.1
712,1.1,3.1,0.3,0.6,0.1,0.1,3.7,3.7,12.6,1.6,4.3,0.7,1.0,19.5,5.5,24.8,3.2,10.4,1.7,3.8,48.3,1.8,5.7,0.6,1.4,0.4,0.6,8.2,0.1,0.0,0.0,0.0,0.0,0.0,0.0,0.0,0.0,0.0,0.0,0.0,0.0,0.0,12-Jul,79.7,10-Jan,36.5,18.2,54.7
713,1.2,3.3,0.3,0.7,0.1,0.1,4.0,3.9,13.1,1.6,4.5,0.7,1.0,20.5,5.6,25.3,3.2,10.6,1.7,3.9,49.3,1.8,5.7,0.6,1.4,0.4,0.6,8.2,0.1,0.1,0.0,0.0,0.0,0.0,0.0,0.0,0.0,0.0,0.0,0.0,0.0,0.0,13-Jul,82.0,11-Jan,37.3,18.7,56.0
714,1.2,3.4,0.3,0.7,0.1,0.1,4.2,4.0,13.8,1.8,4.8,0.7,1.2,21.7,5.7,25.8,3.3,10.8,1.7,3.9,50.2,1.8,5.7,0.6,1.4,0.4,0.6,8.2,0.1,0.1,0.0,0.0,0.0,0.0,0.0,0.0,0.0,0.0,0.0,0.0,0.0,0.0,14-Jul,84.3,12-Jan,38.2,19.1,57.3
715,1.2,3.6,0.4,0.7,0.1,0.1,4.4,4.1,14.3,1.8,5.1,0.8,1.2,22.9,5.8,26.3,3.4,11.1,1.7,4.0,51.1,1.8,5.7,0.6,1.4,0.4,0.6,8.2,0.1,0.1,0.0,0.0,0.0,0.0,0.0,0.0,0.0,0.0,0.0,0.0,0.0,0.0,15-Jul,86.6,13-Jan,39.2,19.5,58.7
716,1.3,3.8,0.4,0.8,0.1,0.2,4.7,4.2,14.9,1.9,5.4,0.8,1.2,23.9,5.9,26.7,3.5,11.3,1.8,4.0,52.3,1.8,5.7,0.6,1.4,0.4,0.6,8.2,0.1,0.1,0.0,0.0,0.0,0.0,0.0,0.0,0.0,0.0,0.0,0.0,0.0,0.0,16-Jul,89.1,14-Jan,40.1,20.1,60.2
717,1.3,4.0,0.4,0.8,0.1,0.2,5.1,4.4,15.5,2.0,5.6,0.8,1.3,24.7,6.0,27.2,3.5,11.6,1.9,4.2,53.6,1.8,5.7,0.6,1.4,0.4,0.6,8.2,0.1,0.1,0.0,0.0,0.0,0.0,0.0,0.0,0.0,0.0,0.0,0.0,0.0,0.0,17-Jul,91.6,15-Jan,40.9,20.6,61.5
718,1.4,4.2,0.4,0.8,0.1,0.2,5.5,4.5,16.0,2.1,5.9,0.8,1.3,25.7,6.2,27.8,3.6,11.9,1.9,4.3,54.9,1.8,5.7,0.6,1.4,0.4,0.6,8.2,0.1,0.1,0.0,0.0,0.0,0.0,0.0,0.0,0.0,0.0,0.0,0.0,0.0,0.0,18-Jul,94.3,16-Jan,41.5,21.2,62.7
719,1.4,4.4,0.4,0.9,0.1,0.2,5.8,4.6,16.7,2.2,6.2,0.9,1.4,26.9,6.3,28.4,3.6,12.1,1.9,4.4,56.1,1.8,5.7,0.6,1.4,0.4,0.6,8.2,0.1,0.1,0.0,0.0,0.0,0.0,0.0,0.0,0.0,0.0,0.0,0.0,0.0,0.0,19-Jul,97.0,17-Jan,42.2,22.0,64.2
720,1.5,4.7,0.4,1.0,0.1,0.2,6.2,4.8,17.4,2.3,6.5,0.9,1.6,28.4,6.4,28.9,3.7,12.3,1.9,4.5,57.1,1.8,5.7,0.6,1.4,0.4,0.6,8.2,0.1,0.1,0.0,0.0,0.0,0.0,0.1,0.0,0.0,0.0,0.0,0.0,0.0,0.0,20-Jul,99.9,18-Jan,42.9,22.8,65.7
721,1.5,4.9,0.4,1.1,0.1,0.3,6.5,4.9,17.9,2.3,6.8,1.0,1.7,29.7,6.6,29.4,3.8,12.4,2.0,4.6,58.2,1.8,5.7,0.6,1.4,0.4,0.6,8.2,0.1,0.1,0.0,0.0,0.0,0.0,0.1,0.0,0.0,0.0,0.0,0.0,0.0,0.0,21-Jul,102.6,19-Jan,43.6,23.5,67.1
722,1.5,5.0,0.4,1.1,0.1,0.3,6.6,5.1,18.5,2.3,7.0,1.0,1.8,31.0,6.7,30.0,3.8,12.7,2.0,4.7,59.5,1.8,5.7,0.6,1.4,0.4,0.6,8.2,0.2,0.2,0.0,0.0,0.0,0.0,0.1,0.0,0.0,0.0,0.0,0.0,0.0,0.0,22-Jul,105.3,20-Jan,44.6,23.8,68.4
723,1.6,5.1,0.4,1.1,0.1,0.3,6.7,5.2,19.2,2.4,7.3,1.0,1.9,32.2,6.9,30.8,3.9,12.9,2.0,4.8,60.8,1.8,5.7,0.6,1.4,0.4,0.6,8.2,0.2,0.2,0.0,0.0,0.0,0.0,0.1,0.0,0.0,0.0,0.0,0.0,0.0,0.0,23-Jul,107.9,21-Jan,45.5,24.0,69.5
724,1.6,5.2,0.5,1.1,0.1,0.3,6.8,5.3,19.8,2.5,7.5,1.1,2.0,33.4,7.1,31.6,4.1,13.2,2.1,4.9,62.2,1.8,5.7,0.6,1.4,0.4,0.6,8.2,0.2,0.2,0.0,0.0,0.0,0.0,0.1,0.0,0.0,0.0,0.0,0.0,0.0,0.0,24-Jul,110.6,22-Jan,46.6,24.1,70.7
725,1.7,5.4,0.5,1.1,0.1,0.3,7.0,5.4,20.5,2.7,7.8,1.2,2.1,35.0,7.2,32.4,4.3,13.5,2.1,4.9,63.6,1.8,5.7,0.6,1.4,0.4,0.6,8.2,0.2,0.2,0.0,0.0,0.0,0.0,0.1,0.0,0.0,0.0,0.0,0.0,0.0,0.0,25-Jul,113.8,23-Jan,47.7,24.4,72.1
726,1.7,5.5,0.5,1.1,0.1,0.3,7.1,5.5,21.1,2.7,8.2,1.3,2.3,36.6,7.3,33.2,4.4,13.9,2.1,4.9,65.0,1.8,5.7,0.6,1.4,0.4,0.6,8.2,0.2,0.2,0.0,0.0,0.0,0.0,0.1,0.0,0.0,0.0,0.0,0.0,0.0,0.0,26-Jul,116.9,24-Jan,48.7,24.8,73.5
727,1.7,5.6,0.5,1.1,0.1,0.3,7.2,5.6,21.7,2.7,8.4,1.3,2.5,37.8,7.5,33.9,4.5,14.3,2.2,5.0,66.5,1.8,5.7,0.6,1.4,0.4,0.6,8.2,0.2,0.2,0.0,0.0,0.0,0.0,0.1,0.0,0.0,0.0,0.0,0.0,0.0,0.0,27-Jul,119.7,25-Jan,49.4,25.2,74.6
728,1.7,5.7,0.5,1.2,0.1,0.3,7.2,5.7,22.2,2.7,8.6,1.3,2.5,38.6,7.5,34.6,4.6,14.7,2.2,5.1,68.2,1.8,5.7,0.6,1.4,0.4,0.6,8.2,0.2,0.2,0.0,0.0,0.0,0.0,0.1,0.0,0.0,0.0,0.0,0.0,0.0,0.0,28-Jul,122.2,26-Jan,50.3,25.7,76.0
729,1.7,5.8,0.5,1.2,0.1,0.3,7.3,5.8,22.7,2.8,8.8,1.3,2.5,39.4,7.8,35.3,4.6,15.0,2.3,5.3,69.8,1.8,5.7,0.6,1.4,0.4,0.6,8.2,0.2,0.2,0.0,0.0,0.0,0.0,0.1,0.0,0.0,0.0,0.0,0.0,0.0,0.0,29-Jul,124.7,27-Jan,51.5,26.1,77.6
730,1.8,5.9,0.6,1.2,0.1,0.3,7.5,6.1,23.4,2.9,9.0,1.3,2.6,40.3,8.0,36.1,4.7,15.4,2.3,5.5,71.5,1.8,5.7,0.6,1.4,0.4,0.6,8.2,0.2,0.3,0.0,0.0,0.0,0.0,0.2,0.0,0.0,0.0,0.0,0.0,0.0,0.0,30-Jul,127.5,28-Jan,52.8,26.7,79.5
731,1.8,6.0,0.6,1.2,0.1,0.3,7.5,6.1,24.0,2.9,9.1,1.4,2.6,41.1,8.1,36.9,4.8,15.7,2.4,5.5,72.9,1.8,5.7,0.6,1.4,0.4,0.6,8.2,0.2,0.3,0.0,0.0,0.0,0.0,0.2,0.0,0.0,0.0,0.0,0.0,0.0,0.0,31-Jul,129.7,29-Jan,54.2,27.2,81.4
801,1.9,6.1,0.6,1.2,0.1,0.3,7.7,6.3,24.6,3.1,9.3,1.4,2.7,42.0,8.2,37.6,4.8,15.9,2.4,5.6,74.0,1.8,5.7,0.6,1.4,0.4,0.6,8.2,0.3,0.3,0.0,0.0,0.0,0.0,0.2,0.0,0.0,0.0,0.0,0.0,0.0,0.0,1-Aug,131.9,30-Jan,55.3,27.7,83.0
802,2.0,6.3,0.6,1.3,0.1,0.3,7.9,6.4,25.3,3.1,9.6,1.4,2.7,43.1,8.3,38.2,4.9,16.1,2.4,5.6,74.9,1.8,5.7,0.6,1.4,0.4,0.6,8.2,0.3,0.4,0.0,0.0,0.0,0.0,0.2,0.0,0.0,0.0,0.0,0.0,0.0,0.0,2-Aug,134.1,31-Jan,56.3,28.1,84.4
803,2.1,6.5,0.7,1.4,0.1,0.3,8.2,6.5,25.8,3.2,9.9,1.5,2.8,44.2,8.5,38.9,5.0,16.3,2.4,5.7,75.9,1.8,5.7,0.6,1.4,0.4,0.6,8.2,0.3,0.4,0.0,0.0,0.0,0.0,0.2,0.0,0.0,0.0,0.0,0.0,0.0,0.0,3-Aug,136.5,1-Feb,57.3,28.7,86.0
804,2.2,6.8,0.7,1.5,0.1,0.3,8.5,6.5,26.3,3.2,10.1,1.6,2.9,45.3,8.7,39.5,5.2,16.6,2.4,5.7,77.0,1.8,5.7,0.6,1.4,0.4,0.6,8.2,0.3,0.4,0.0,0.0,0.0,0.0,0.2,0.0,0.0,0.0,0.0,0.0,0.0,0.0,4-Aug,139.0,2-Feb,58.4,29.3,87.7
805,2.3,7.1,0.7,1.5,0.1,0.3,8.9,6.8,26.8,3.2,10.3,1.6,3.0,46.4,8.9,40.3,5.3,16.9,2.5,5.8,78.2,1.8,5.7,0.6,1.4,0.4,0.6,8.2,0.3,0.4,0.0,0.0,0.0,0.0,0.2,0.0,0.0,0.0,0.0,0.0,0.0,0.0,5-Aug,141.7,3-Feb,59.6,29.9,89.5
806,2.4,7.5,0.7,1.6,0.2,0.3,9.3,6.8,27.4,3.3,10.5,1.6,3.1,47.4,9.1,40.9,5.4,17.3,2.6,5.8,79.6,1.8,5.7,0.6,1.4,0.4,0.6,8.2,0.3,0.4,0.0,0.0,0.0,0.0,0.2,0.0,0.0,0.0,0.0,0.0,0.0,0.0,6-Aug,144.5,4-Feb,60.7,30.4,91.1
807,2.4,7.7,0.7,1.7,0.2,0.3,9.6,6.9,27.9,3.4,10.8,1.7,3.2,48.4,9.3,41.8,5.5,17.6,2.6,5.9,81.3,1.8,5.7,0.6,1.4,0.4,0.6,8.2,0.3,0.4,0.0,0.0,0.0,0.0,0.2,0.0,0.0,0.0,0.0,0.0,0.0,0.0,7-Aug,147.5,5-Feb,61.9,31.0,92.9
808,2.5,8.0,0.8,1.8,0.2,0.3,10.0,7.1,28.5,3.4,11.0,1.7,3.2,49.4,9.4,42.6,5.6,18.1,2.7,6.1,83.2,1.8,5.7,0.6,1.4,0.4,0.6,8.2,0.3,0.4,0.0,0.0,0.0,0.0,0.2,0.0,0.0,0.0,0.0,0.0,0.0,0.0,8-Aug,150.8,6-Feb,63.0,31.8,94.8
809,2.6,8.3,0.8,1.8,0.2,0.3,10.3,7.3,29.2,3.5,11.2,1.7,3.3,50.5,9.6,43.4,5.6,18.5,2.7,6.3,85.0,1.8,5.7,0.6,1.4,0.4,0.6,8.2,0.3,0.4,0.0,0.0,0.0,0.0,0.2,0.0,0.0,0.0,0.0,0.0,0.0,0.0,9-Aug,154.0,7-Feb,64.2,32.5,96.7
810,2.6,8.5,0.8,1.8,0.2,0.3,10.4,7.5,30.0,3.6,11.4,1.7,3.3,51.6,9.8,44.3,5.7,18.8,2.7,6.4,86.6,1.8,5.7,0.6,1.4,0.4,0.6,8.2,0.3,0.4,0.0,0.0,0.0,0.0,0.2,0.0,0.0,0.0,0.0,0.0,0.0,0.0,10-Aug,156.8,8-Feb,65.3,33.2,98.5
811,2.7,8.8,0.8,1.9,0.2,0.3,10.7,7.5,30.7,3.8,11.7,1.8,3.3,52.7,10.0,45.1,5.9,19.1,2.8,6.4,88.2,1.8,5.7,0.6,1.4,0.4,0.6,8.2,0.3,0.4,0.0,0.0,0.0,0.0,0.2,0.0,0.0,0.0,0.0,0.0,0.0,0.0,11-Aug,159.8,9-Feb,66.4,33.8,100.2
812,2.8,9.0,0.8,1.9,0.2,0.3,11.0,7.7,31.4,3.8,12.0,1.8,3.4,53.9,10.1,45.9,6.0,19.5,2.8,6.6,89.8,1.8,5.7,0.6,1.4,0.4,0.6,8.2,0.3,0.4,0.0,0.0,0.0,0.0,0.2,0.0,0.0,0.0,0.0,0.0,0.0,0.0,12-Aug,162.9,10-Feb,67.4,34.4,101.8
813,2.8,9.2,0.8,2.0,0.2,0.4,11.5,7.8,32.1,3.9,12.2,1.8,3.5,55.1,10.3,46.7,6.0,19.7,2.8,6.7,91.4,1.8,5.7,0.6,1.4,0.4,0.6,8.2,0.3,0.4,0.0,0.0,0.0,0.0,0.2,0.0,0.0,0.0,0.0,0.0,0.0,0.0,13-Aug,166.2,11-Feb,68.3,34.9,103.2
814,2.8,9.5,0.8,2.1,0.3,0.4,12.0,7.9,32.7,3.9,12.4,1.8,3.6,56.2,10.5,47.4,6.1,20.0,2.8,6.8,93.0,1.8,5.7,0.6,1.4,0.4,0.6,8.2,0.3,0.4,0.0,0.0,0.0,0.0,0.2,0.0,0.0,0.0,0.0,0.0,0.0,0.0,14-Aug,169.4,12-Feb,69.2,35.4,104.6
815,3.1,9.8,0.9,2.2,0.3,0.4,12.4,8.0,33.2,4.0,12.6,1.9,3.6,57.1,10.7,48.3,6.2,20.4,2.9,6.9,94.6,1.8,5.7,0.6,1.4,0.4,0.6,8.2,0.3,0.4,0.0,0.0,0.0,0.0,0.2,0.0,0.0,0.0,0.0,0.0,0.0,0.0,15-Aug,172.3,13-Feb,70.2,35.9,106.1
816,3.3,10.3,1.0,2.4,0.3,0.4,13.0,8.1,33.8,4.0,12.8,1.9,3.7,58.0,10.9,49.2,6.3,20.8,2.9,7.0,96.3,1.8,5.7,0.6,1.4,0.4,0.6,8.2,0.3,0.4,0.0,0.0,0.0,0.0,0.2,0.0,0.0,0.0,0.0,0.0,0.0,0.0,16-Aug,175.5,14-Feb,71.1,36.8,107.9
817,3.3,10.8,1.0,2.5,0.3,0.4,13.7,8.2,34.3,4.1,13.0,1.9,3.7,58.8,11.1,50.1,6.4,21.2,2.9,7.1,98.0,1.8,5.7,0.6,1.4,0.4,0.6,8.2,0.3,0.4,0.0,0.0,0.0,0.0,0.2,0.0,0.0,0.0,0.0,0.0,0.0,0.0,17-Aug,178.7,15-Feb,71.8,37.6,109.4
818,3.4,11.3,1.2,2.7,0.3,0.4,14.4,8.3,34.8,4.1,13.2,1.9,3.7,59.7,11.3,51.1,6.4,21.6,2.9,7.2,99.7,1.8,5.7,0.6,1.4,0.4,0.6,8.2,0.3,0.4,0.0,0.0,0.0,0.0,0.3,0.0,0.0,0.0,0.0,0.0,0.0,0.0,18-Aug,182.0,16-Feb,72.6,38.3,110.9
819,3.5,11.8,1.2,3.0,0.4,0.5,15.4,8.4,35.3,4.2,13.5,1.9,3.7,60.5,11.5,52.2,6.6,22.0,3.0,7.3,101.3,1.8,5.7,0.6,1.4,0.4,0.6,8.2,0.3,0.5,0.0,0.0,0.0,0.0,0.3,0.0,0.0,0.0,0.0,0.0,0.0,0.0,19-Aug,185.4,17-Feb,73.6,38.8,112.4
820,3.6,12.3,1.2,3.2,0.4,0.5,16.3,8.5,35.9,4.2,13.7,2.0,3.8,61.4,11.8,53.4,6.7,22.4,3.0,7.3,103.1,1.8,5.7,0.6,1.4,0.4,0.6,8.2,0.3,0.5,0.0,0.0,0.0,0.0,0.3,0.0,0.0,0.0,0.0,0.0,0.0,0.0,20-Aug,189.0,18-Feb,74.6,39.2,113.8
821,3.7,13.0,1.3,3.3,0.4,0.6,17.3,8.7,36.4,4.3,14.0,2.1,3.8,62.3,12.0,54.5,6.9,22.9,3.1,7.4,105.0,1.8,5.7,0.6,1.4,0.4,0.6,8.2,0.3,0.5,0.0,0.0,0.0,0.0,0.3,0.0,0.0,0.0,0.0,0.0,0.0,0.0,21-Aug,192.8,19-Feb,75.7,39.4,115.1
822,3.8,13.6,1.3,3.5,0.4,0.7,18.3,8.9,36.9,4.4,14.2,2.2,3.9,63.4,12.2,55.5,7.1,23.5,3.2,7.6,107.4,1.8,5.7,0.6,1.4,0.4,0.6,8.2,0.3,0.5,0.0,0.0,0.0,0.0,0.3,0.0,0.0,0.0,0.0,0.0,0.0,0.0,22-Aug,197.3,20-Feb,76.8,39.6,116.4
823,4.0,14.2,1.5,3.8,0.4,0.7,19.3,9.1,37.6,4.5,14.6,2.2,4.0,64.9,12.2,56.5,7.2,24.1,3.2,7.7,109.7,1.8,5.7,0.6,1.4,0.4,0.6,8.2,0.3,0.5,0.0,0.0,0.0,0.0,0.3,0.0,0.0,0.0,0.0,0.0,0.0,0.0,23-Aug,202.1,21-Feb,77.7,39.9,117.6
824,4.0,14.8,1.6,4.0,0.5,0.7,20.4,9.2,38.3,4.6,14.9,2.3,4.1,66.4,12.4,57.5,7.2,24.5,3.2,7.9,111.6,1.8,5.7,0.6,1.4,0.4,0.6,8.2,0.3,0.5,0.0,0.0,0.0,0.0,0.3,0.0,0.0,0.0,0.0,0.0,0.0,0.0,24-Aug,206.6,22-Feb,78.6,40.2,118.8
825,4.2,15.2,1.6,4.3,0.5,0.8,21.3,9.2,38.9,4.6,15.2,2.3,4.3,68.0,12.5,58.3,7.4,24.9,3.2,7.9,113.4,1.8,5.7,0.6,1.4,0.4,0.6,8.2,0.3,0.5,0.0,0.0,0.0,0.0,0.3,0.0,0.0,0.0,0.0,0.0,0.0,0.0,25-Aug,210.9,23-Feb,79.4,40.6,120.0
826,4.4,15.8,1.7,4.5,0.5,0.9,22.4,9.3,39.6,4.7,15.5,2.3,4.4,69.5,12.7,59.2,7.5,25.5,3.3,8.1,115.4,1.8,5.7,0.6,1.4,0.4,0.6,8.2,0.3,0.5,0.0,0.0,0.0,0.0,0.3,0.0,0.0,0.0,0.0,0.0,0.0,0.0,26-Aug,215.5,24-Feb,80.2,41.2,121.4
827,4.5,16.5,1.9,4.9,0.5,1.0,23.8,9.5,40.3,4.8,15.8,2.3,4.5,70.8,12.9,60.0,7.6,25.9,3.4,8.2,117.2,1.8,5.7,0.6,1.4,0.4,0.6,8.2,0.3,0.5,0.0,0.0,0.0,0.0,0.3,0.0,0.0,0.0,0.0,0.0,0.0,0.0,27-Aug,220.0,25-Feb,80.9,42.1,123.0
828,4.6,17.2,1.9,5.2,0.6,1.1,25.2,9.6,41.0,4.9,16.1,2.4,4.6,72.0,13.2,61.1,7.7,26.3,3.4,8.4,119.2,1.8,5.7,0.6,1.4,0.4,0.6,8.2,0.3,0.5,0.0,0.0,0.0,0.0,0.3,0.0,0.0,0.0,0.0,0.0,0.0,0.0,28-Aug,224.6,26-Feb,81.7,43.5,125.2
829,4.8,18.1,1.9,5.6,0.7,1.2,27.0,9.8,41.6,4.9,16.3,2.4,4.6,72.8,13.6,62.3,7.9,26.9,3.5,8.5,121.6,1.8,5.7,0.6,1.4,0.4,0.6,8.2,0.3,0.5,0.0,0.0,0.0,0.0,0.3,0.0,0.0,0.0,0.0,0.0,0.0,0.0,29-Aug,229.6,27-Feb,82.6,44.7,127.3
830,5.0,19.0,2.1,6.0,0.7,1.3,28.7,10.1,42.4,5.0,16.5,2.4,4.7,73.7,13.8,63.7,8.0,27.6,3.6,8.8,124.6,1.8,5.7,0.6,1.4,0.4,0.6,8.2,0.3,0.5,0.0,0.0,0.0,0.0,0.3,0.0,0.0,0.0,0.0,0.0,0.0,0.0,30-Aug,235.2,28-Feb,84.0,45.8,129.8
831,5.0,19.9,2.1,6.5,0.8,1.5,30.5,10.4,43.1,5.0,16.6,2.5,4.7,74.7,13.9,65.1,8.2,28.3,3.6,8.9,127.8,1.8,5.7,0.6,1.4,0.4,0.6,8.2,0.3,0.5,0.0,0.0,0.0,0.0,0.3,0.0,0.0,0.0,0.0,0.0,0.0,0.0,31-Aug,241.2,29-Feb,84.0,45.8,129.8
901,5.2,20.8,2.1,7.0,0.8,1.7,32.4,10.5,43.8,5.3,16.9,2.5,4.8,75.8,14.0,66.4,8.3,29.1,3.8,9.2,130.9,1.8,5.7,0.6,1.4,0.4,0.6,8.2,0.3,0.5,0.0,0.0,0.0,0.0,0.3,0.0,0.0,0.0,0.0,0.0,0.0,0.0,1-Sep,247.3,1-Mar,86.6,47.2,133.8
902,5.4,21.7,2.2,7.4,0.9,1.8,34.5,10.6,44.4,5.4,17.2,2.6,5.0,77.4,14.0,67.4,8.4,29.8,3.9,9.5,133.9,1.8,5.7,0.6,1.4,0.4,0.6,8.2,0.3,0.5,0.0,0.0,0.0,0.0,0.3,0.0,0.0,0.0,0.0,0.0,0.0,0.0,2-Sep,254.0,2-Mar,87.7,48.3,136.0
903,5.6,22.6,2.3,7.9,0.9,2.0,36.4,10.7,45.1,5.4,17.5,2.6,5.1,78.7,14.1,68.2,8.4,30.3,3.9,9.7,136.1,1.8,5.7,0.6,1.4,0.4,0.6,8.2,0.3,0.6,0.0,0.0,0.0,0.0,0.3,0.0,0.0,0.0,0.0,0.0,0.0,0.0,3-Sep,259.4,3-Mar,88.6,49.0,137.6
904,5.7,23.5,2.3,8.2,1.0,2.2,38.2,10.8,45.7,5.5,17.8,2.6,5.2,79.8,14.3,69.1,8.5,30.8,3.9,9.8,137.8,1.8,5.7,0.6,1.4,0.4,0.6,8.2,0.3,0.6,0.0,0.0,0.0,0.0,0.4,0.0,0.0,0.0,0.0,0.0,0.0,0.0,4-Sep,264.0,4-Mar,89.5,49.6,139.1
905,5.7,24.2,2.4,8.6,1.0,2.3,39.8,11.0,46.3,5.6,18.0,2.7,5.2,80.7,14.5,69.9,8.6,31.2,3.9,9.9,139.4,1.8,5.7,0.6,1.4,0.4,0.6,8.2,0.3,0.6,0.0,0.0,0.0,0.0,0.4,0.0,0.0,0.0,0.0,0.0,0.0,0.0,5-Sep,268.1,5-Mar,90.4,50.1,140.5
906,5.8,24.8,2.5,8.9,1.1,2.5,41.4,11.1,46.8,5.6,18.2,2.7,5.3,81.6,14.8,71.0,8.6,31.6,3.9,10.0,141.2,1.9,5.7,0.6,1.4,0.4,0.6,8.2,0.4,0.6,0.0,0.0,0.0,0.0,0.4,0.0,0.0,0.0,0.0,0.0,0.0,0.0,6-Sep,272.4,6-Mar,91.6,50.8,142.4
907,6.0,25.4,2.6,9.3,1.1,2.7,42.9,11.2,47.3,5.7,18.4,2.7,5.3,82.5,15.0,72.1,8.8,32.0,4.0,10.1,143.0,1.9,5.7,0.6,1.4,0.4,0.6,8.2,0.4,0.7,0.0,0.0,0.0,0.0,0.4,0.0,0.0,0.0,0.0,0.0,0.0,0.0,7-Sep,276.6,7-Mar,92.7,51.7,144.4
908,6.2,26.1,2.7,9.7,1.2,2.8,44.5,11.4,47.8,5.8,18.7,2.7,5.4,83.5,15.1,73.2,8.9,32.5,4.1,10.2,144.9,1.9,5.7,0.6,1.4,0.4,0.6,8.2,0.4,0.7,0.0,0.0,0.0,0.0,0.4,0.0,0.0,0.0,0.0,0.0,0.0,0.0,8-Sep,281.1,8-Mar,94.2,52.7,146.9
909,6.5,27.1,2.7,10.1,1.2,3.0,46.2,11.5,48.5,5.8,19.0,2.8,5.4,84.5,15.2,74.1,9.0,33.0,4.1,10.4,147.0,1.9,5.7,0.6,1.4,0.4,0.6,8.2,0.4,0.7,0.0,0.0,0.0,0.0,0.4,0.0,0.0,0.0,0.0,0.0,0.0,0.0,9-Sep,285.9,9-Mar,95.7,53.7,149.4
910,6.6,28.0,2.9,10.5,1.3,3.1,48.0,11.5,49.0,6.0,19.3,2.8,5.5,85.6,15.3,74.9,9.2,33.6,4.2,10.6,149.3,1.9,5.7,0.6,1.4,0.4,0.6,8.2,0.4,0.7,0.0,0.0,0.0,0.0,0.4,0.0,0.0,0.0,0.0,0.0,0.0,0.0,10-Sep,291.1,10-Mar,97.4,54.5,151.9
911,6.7,29.0,3.0,10.9,1.3,3.2,49.8,11.7,49.5,6.0,19.6,2.9,5.5,86.7,15.4,75.8,9.2,34.1,4.3,10.8,151.8,1.9,5.7,0.6,1.4,0.4,0.6,8.2,0.4,0.7,0.0,0.0,0.0,0.0,0.4,0.0,0.0,0.0,0.0,0.0,0.0,0.0,11-Sep,296.5,11-Mar,99.0,55.2,154.2
912,6.9,29.9,3.2,11.4,1.4,3.3,51.8,11.8,50.1,6.1,19.9,3.0,5.7,88.3,15.6,76.7,9.3,34.7,4.4,11.1,154.4,1.9,5.7,0.6,1.4,0.4,0.6,8.2,0.4,0.7,0.0,0.0,0.0,0.0,0.4,0.0,0.0,0.0,0.0,0.0,0.0,0.0,12-Sep,302.7,12-Mar,100.6,55.9,156.5
913,7.0,30.8,3.2,11.9,1.5,3.5,53.9,11.8,50.7,6.2,20.3,3.1,5.9,89.9,15.8,77.5,9.4,35.2,4.5,11.2,156.3,1.9,5.7,0.6,1.4,0.4,0.6,8.2,0.4,0.7,0.0,0.0,0.0,0.0,0.4,0.0,0.0,0.0,0.0,0.0,0.0,0.0,13-Sep,308.3,13-Mar,101.9,56.8,158.7
914,7.1,31.7,3.4,12.4,1.5,3.7,56.3,11.9,51.3,6.2,20.6,3.1,6.0,91.5,16.1,78.5,9.6,35.7,4.5,11.3,158.1,1.9,5.7,0.6,1.4,0.4,0.6,8.2,0.4,0.7,0.0,0.0,0.0,0.0,0.4,0.0,0.0,0.0,0.0,0.0,0.0,0.0,14-Sep,314.1,14-Mar,103.0,57.5,160.5
915,7.3,32.7,3.5,13.0,1.6,3.9,58.8,12.1,51.9,6.3,21.0,3.1,6.1,92.8,16.2,79.5,9.7,36.2,4.6,11.4,160.1,1.9,5.7,0.6,1.4,0.4,0.6,8.2,0.4,0.7,0.0,0.0,0.0,0.0,0.4,0.0,0.0,0.0,0.0,0.0,0.0,0.0,15-Sep,319.9,15-Mar,103.9,58.3,162.2
916,7.3,33.6,3.5,13.5,1.7,4.2,61.3,12.2,52.6,6.5,21.2,3.1,6.2,93.9,16.5,80.6,9.8,36.7,4.7,11.6,162.5,1.9,5.7,0.6,1.4,0.4,0.6,8.2,0.4,0.7,0.0,0.0,0.0,0.0,0.4,0.0,0.0,0.0,0.0,0.0,0.0,0.0,16-Sep,325.9,16-Mar,104.6,59.0,163.6
917,7.5,34.4,3.6,14.0,1.7,4.3,63.5,12.5,53.3,6.6,21.5,3.1,6.3,95.0,16.7,81.7,10.0,37.3,4.7,11.8,165.0,1.9,5.8,0.6,1.4,0.4,0.6,8.2,0.4,0.7,0.0,0.0,0.0,0.0,0.4,0.0,0.0,0.0,0.0,0.0,0.0,0.0,17-Sep,331.7,17-Mar,105.2,59.7,164.9
918,7.6,35.2,3.7,14.5,1.8,4.5,65.3,12.6,54.1,6.6,21.7,3.2,6.3,96.1,16.9,82.8,10.1,37.8,4.8,12.0,167.2,1.9,5.8,0.6,1.4,0.4,0.6,8.3,0.4,0.7,0.0,0.0,0.0,0.0,0.4,0.0,0.0,0.0,0.0,0.0,0.0,0.0,18-Sep,336.9,18-Mar,106.0,60.1,166.1
919,7.8,36.1,3.8,14.9,1.8,4.6,67.0,12.8,54.8,6.7,21.9,3.2,6.4,97.2,17.0,83.8,10.2,38.2,4.8,12.1,169.2,1.9,5.8,0.6,1.4,0.4,0.6,8.3,0.4,0.7,0.0,0.0,0.0,0.0,0.4,0.0,0.0,0.0,0.0,0.0,0.0,0.0,19-Sep,341.7,19-Mar,106.9,60.5,167.4
920,7.8,36.8,3.8,15.3,1.9,4.7,68.5,12.9,55.5,6.7,22.2,3.3,6.5,98.4,17.2,84.9,10.4,38.8,4.9,12.2,171.1,1.9,5.8,0.6,1.4,0.4,0.6,8.3,0.4,0.7,0.0,0.0,0.0,0.0,0.4,0.0,0.0,0.0,0.0,0.0,0.0,0.0,20-Sep,346.3,20-Mar,107.8,60.8,168.6
921,8.0,37.5,3.9,15.7,1.9,4.8,70.1,13.1,56.2,6.9,22.5,3.3,6.6,99.7,17.4,85.9,10.4,39.2,5.0,12.3,173.0,1.9,5.8,0.6,1.4,0.4,0.6,8.3,0.4,0.7,0.0,0.0,0.0,0.0,0.4,0.0,0.0,0.0,0.0,0.0,0.0,0.0,21-Sep,351.1,21-Mar,108.7,61.2,169.9
922,8.1,38.2,4.0,16.1,1.9,4.9,71.7,13.3,57.0,7.0,22.9,3.4,6.7,101.2,17.6,86.9,10.6,39.6,5.1,12.5,175.2,2.0,5.8,0.6,1.4,0.4,0.6,8.3,0.5,0.7,0.0,0.0,0.0,0.0,0.4,0.0,0.0,0.0,0.0,0.0,0.0,0.0,22-Sep,356.4,22-Mar,109.5,61.8,171.3
923,8.3,38.9,4.1,16.5,2.0,5.0,73.3,13.4,57.8,7.1,23.3,3.4,6.9,102.8,17.7,87.8,10.8,40.2,5.2,12.7,177.8,2.0,5.9,0.6,1.4,0.4,0.6,8.3,0.5,0.8,0.0,0.0,0.0,0.0,0.5,0.0,0.0,0.0,0.0,0.0,0.0,0.0,23-Sep,362.2,23-Mar,110.0,62.3,172.3
924,8.5,39.8,4.2,16.9,2.0,5.1,74.8,13.5,58.5,7.3,23.7,3.5,6.9,104.3,17.8,88.7,10.9,40.8,5.3,13.0,180.3,2.0,5.9,0.6,1.4,0.4,0.6,8.3,0.5,0.8,0.0,0.0,0.0,0.0,0.5,0.0,0.0,0.0,0.0,0.0,0.0,0.0,24-Sep,367.7,24-Mar,110.6,62.7,173.3
925,8.6,40.7,4.2,17.3,2.1,5.2,76.4,13.6,59.2,7.3,24.0,3.5,7.0,105.7,18.2,89.7,11.0,41.3,5.4,13.2,182.7,2.0,5.9,0.6,1.4,0.4,0.6,8.3,0.5,0.8,0.0,0.0,0.0,0.0,0.5,0.0,0.0,0.0,0.0,0.0,0.0,0.0,25-Sep,373.1,25-Mar,111.4,63.1,174.5
926,8.7,41.5,4.4,17.7,2.1,5.3,78.0,13.7,59.8,7.3,24.3,3.5,7.2,107.0,18.2,90.5,11.2,41.8,5.4,13.4,184.9,2.0,5.9,0.6,1.4,0.4,0.6,8.4,0.5,0.9,0.0,0.0,0.0,0.0,0.5,0.0,0.0,0.0,0.0,0.0,0.0,0.0,26-Sep,378.3,26-Mar,112.4,63.5,175.9
927,8.8,42.3,4.5,18.2,2.1,5.3,79.4,13.8,60.2,7.4,24.5,3.6,7.3,108.0,18.3,91.3,11.3,42.3,5.6,13.7,187.2,2.0,6.0,0.7,1.4,0.4,0.6,8.4,0.5,1.0,0.0,0.0,0.0,0.0,0.6,0.0,0.0,0.0,0.0,0.0,0.0,0.0,27-Sep,383.0,27-Mar,113.4,63.9,177.3
928,8.9,43.1,4.5,18.6,2.1,5.3,80.7,13.8,60.7,7.4,24.8,3.6,7.3,109.0,18.4,92.1,11.3,42.8,5.6,14.0,189.7,2.0,6.0,0.7,1.4,0.4,0.6,8.4,0.5,1.0,0.0,0.0,0.0,0.0,0.6,0.0,0.0,0.0,0.0,0.0,0.0,0.0,28-Sep,387.8,28-Mar,114.2,64.3,178.5
929,9.0,43.8,4.6,18.9,2.2,5.4,82.1,13.9,61.1,7.4,25.0,3.6,7.4,109.9,18.6,92.9,11.4,43.3,5.7,14.2,192.0,2.1,6.0,0.7,1.4,0.4,0.6,8.5,0.5,1.1,0.0,0.0,0.0,0.0,0.7,0.0,0.0,0.0,0.0,0.0,0.0,0.0,29-Sep,392.5,29-Mar,115.0,64.7,179.7
930,9.1,44.5,4.6,19.2,2.2,5.4,83.1,14.0,61.5,7.4,25.2,3.6,7.5,110.8,18.8,93.8,11.5,43.9,5.7,14.5,194.3,2.1,6.0,0.7,1.4,0.4,0.6,8.5,0.6,1.1,0.0,0.0,0.0,0.0,0.7,0.0,0.0,0.0,0.0,0.0,0.0,0.0,30-Sep,396.7,30-Mar,115.8,65.1,180.9
1001,9.2,45.1,4.7,19.3,2.2,5.4,83.9,14.1,62.0,7.5,25.4,3.7,7.6,111.8,19.0,94.7,11.6,44.3,5.7,14.6,196.2,2.1,6.1,0.7,1.4,0.4,0.6,8.5,0.6,1.2,0.0,0.0,0.0,0.0,0.8,0.0,0.0,0.0,0.0,0.0,0.0,0.0,1-Oct,400.4,31-Mar,116.5,65.5,182.0
1002,9.2,45.6,4.7,19.5,2.2,5.4,84.6,14.3,62.4,7.6,25.6,3.7,7.7,112.8,19.1,95.4,11.7,44.7,5.8,14.8,197.8,2.2,6.1,0.7,1.4,0.4,0.6,8.5,0.6,1.2,0.0,0.0,0.0,0.0,0.8,0.0,0.0,0.0,0.0,0.0,0.0,0.0,2-Oct,403.7,1-Apr,117.4,65.8,183.2
1003,9.3,46.1,4.8,19.6,2.2,5.5,85.3,14.4,62.9,7.6,25.8,3.7,7.8,113.8,19.3,96.1,11.8,45.1,5.8,14.8,199.3,2.2,6.2,0.7,1.4,0.4,0.6,8.6,0.6,1.2,0.0,0.0,0.0,0.0,0.8,0.0,0.0,0.0,0.0,0.0,0.0,0.0,3-Oct,407.0,2-Apr,118.2,66.1,184.3
1004,9.3,46.4,4.8,19.7,2.3,5.5,85.7,14.5,63.4,7.7,26.0,3.7,7.8,114.6,19.4,96.8,11.9,45.5,5.9,15.0,200.9,2.2,6.3,0.7,1.4,0.4,0.6,8.6,0.6,1.2,0.0,0.0,0.0,0.0,0.8,0.0,0.0,0.0,0.0,0.0,0.0,0.0,4-Oct,409.8,3-Apr,119.0,66.4,185.4
1005,9.4,46.7,4.8,19.8,2.3,5.6,86.3,14.5,63.8,7.7,26.2,3.8,7.9,115.2,19.5,97.5,12.0,45.9,5.9,15.2,203.0,2.2,6.3,0.7,1.4,0.4,0.6,8.6,0.6,1.2,0.0,0.0,0.0,0.0,0.8,0.0,0.0,0.0,0.0,0.0,0.0,0.0,5-Oct,413.1,4-Apr,119.9,66.6,186.5
1006,9.6,47.1,4.9,19.9,2.3,5.6,86.8,14.6,64.1,7.8,26.3,3.8,7.9,115.8,19.5,98.1,12.1,46.4,6.0,15.4,205.3,2.2,6.3,0.7,1.4,0.4,0.6,8.6,0.6,1.2,0.0,0.0,0.0,0.0,0.8,0.0,0.0,0.0,0.0,0.0,0.0,0.0,6-Oct,416.5,5-Apr,121.0,66.9,187.9
1007,9.7,47.5,4.9,20.0,2.3,5.6,87.3,14.7,64.4,7.8,26.4,3.8,7.9,116.2,19.5,98.8,12.2,46.8,6.1,15.6,207.1,2.2,6.3,0.7,1.4,0.4,0.6,8.6,0.6,1.3,0.0,0.0,0.0,0.0,0.8,0.0,0.0,0.0,0.0,0.0,0.0,0.0,7-Oct,419.2,6-Apr,122.5,67.2,189.7
1008,9.8,48.0,4.9,20.0,2.3,5.6,87.7,14.8,64.8,7.9,26.5,3.8,7.9,116.8,19.6,99.4,12.2,47.3,6.2,15.7,208.7,2.3,6.3,0.7,1.4,0.4,0.6,8.6,0.6,1.3,0.0,0.0,0.0,0.0,0.8,0.0,0.0,0.0,0.0,0.0,0.0,0.0,8-Oct,421.8,7-Apr,123.9,67.4,191.3
1009,9.9,48.3,5.0,20.1,2.3,5.6,88.2,14.9,65.1,8.0,26.7,3.9,8.0,117.5,19.7,100.0,12.2,47.6,6.2,15.9,210.3,2.3,6.3,0.7,1.4,0.4,0.6,8.7,0.6,1.3,0.0,0.0,0.0,0.0,0.8,0.0,0.0,0.0,0.0,0.0,0.0,0.0,9-Oct,424.7,8-Apr,125.1,67.6,192.7
1010,9.9,48.6,5.0,20.2,2.3,5.6,88.6,15.0,65.6,8.0,26.9,3.9,8.1,118.3,19.9,100.4,12.3,47.8,6.2,16.0,211.3,2.3,6.4,0.7,1.4,0.4,0.6,8.7,0.6,1.4,0.0,0.0,0.0,0.0,0.9,0.0,0.1,0.0,0.0,0.0,0.0,0.1,10-Oct,426.9,9-Apr,126.3,67.9,194.2
1011,10.1,48.9,5.1,20.2,2.3,5.6,88.9,15.1,66.0,8.1,27.0,4.0,8.1,119.0,20.1,100.9,12.3,48.0,6.2,16.0,212.1,2.3,6.4,0.7,1.4,0.4,0.6,8.7,0.6,1.4,0.0,0.0,0.0,0.0,0.9,0.0,0.1,0.0,0.0,0.0,0.0,0.1,11-Oct,428.7,10-Apr,127.5,68.1,195.6
1012,10.2,49.2,5.1,20.3,2.4,5.6,89.3,15.2,66.3,8.1,27.2,4.0,8.2,119.7,20.3,101.6,12.4,48.2,6.2,16.1,213.1,2.4,6.4,0.7,1.4,0.4,0.6,8.7,0.6,1.4,0.0,0.0,0.0,0.0,0.9,0.0,0.1,0.0,0.0,0.0,0.0,0.1,12-Oct,430.8,11-Apr,128.6,68.3,196.9
1013,10.2,49.5,5.2,20.4,2.4,5.6,89.7,15.3,66.6,8.1,27.3,4.0,8.2,120.2,20.5,102.3,12.6,48.5,6.3,16.1,214.3,2.4,6.5,0.7,1.4,0.4,0.6,8.7,0.6,1.4,0.0,0.0,0.0,0.0,0.9,0.0,0.1,0.0,0.0,0.0,0.0,0.1,13-Oct,432.9,12-Apr,129.5,68.6,198.1
1014,10.3,49.8,5.2,20.5,2.4,5.6,90.1,15.3,66.8,8.1,27.4,4.0,8.2,120.5,20.7,103.1,12.8,48.8,6.3,16.2,215.8,2.4,6.5,0.7,1.4,0.4,0.6,8.8,0.7,1.4,0.0,0.0,0.0,0.0,0.9,0.0,0.1,0.0,0.0,0.0,0.0,0.1,14-Oct,435.2,13-Apr,130.4,68.7,199.1
1015,10.4,50.1,5.2,20.6,2.4,5.6,90.5,15.4,67.1,8.2,27.4,4.0,8.3,121.0,20.9,103.7,12.9,49.2,6.3,16.3,217.4,2.4,6.6,0.7,1.4,0.4,0.6,8.8,0.7,1.4,0.0,0.0,0.0,0.0,0.9,0.0,0.1,0.0,0.0,0.0,0.0,0.1,15-Oct,437.7,14-Apr,131.4,68.8,200.2
1016,10.4,50.4,5.3,20.7,2.4,5.6,90.9,15.4,67.2,8.2,27.5,4.0,8.3,121.3,21.0,104.4,12.9,49.7,6.4,16.4,219.1,2.5,6.7,0.7,1.4,0.4,0.6,8.9,0.7,1.4,0.0,0.0,0.0,0.0,0.9,0.0,0.1,0.0,0.0,0.0,0.0,0.1,16-Oct,440.2,15-Apr,132.1,68.9,201.0
1017,10.5,50.8,5.3,20.9,2.4,5.6,91.4,15.6,67.5,8.3,27.6,4.0,8.3,121.7,21.2,105.2,13.1,50.2,6.5,16.6,221.3,2.6,6.9,0.7,1.4,0.4,0.6,9.1,0.7,1.5,0.0,0.0,0.0,0.0,0.9,0.0,0.1,0.0,0.0,0.0,0.0,0.1,17-Oct,443.5,16-Apr,132.7,68.9,201.6
1018,10.6,51.1,5.4,21.0,2.4,5.6,91.8,15.6,67.8,8.3,27.8,4.1,8.4,122.4,21.4,106.1,13.2,50.7,6.6,16.9,224.0,2.6,7.0,0.7,1.5,0.4,0.6,9.3,0.8,1.5,0.1,0.1,0.0,0.0,1.0,0.0,0.1,0.0,0.0,0.0,0.0,0.1,18-Oct,447.5,17-Apr,133.0,69.0,202.0
1019,10.6,51.4,5.5,21.2,2.4,5.6,92.4,15.6,68.2,8.4,28.0,4.1,8.5,123.4,21.5,107.0,13.3,51.2,6.6,17.1,226.6,2.7,7.1,0.7,1.5,0.4,0.6,9.4,0.8,1.7,0.1,0.1,0.0,0.0,1.1,0.0,0.1,0.0,0.0,0.0,0.0,0.1,19-Oct,451.8,18-Apr,133.3,69.3,202.6
1020,10.6,51.7,5.5,21.4,2.5,5.7,93.2,15.7,68.5,8.4,28.2,4.2,8.6,124.4,21.7,108.0,13.4,51.8,6.7,17.3,229.2,2.7,7.1,0.7,1.5,0.4,0.6,9.4,0.8,1.8,0.1,0.1,0.0,0.0,1.2,0.0,0.1,0.0,0.0,0.0,0.0,0.1,20-Oct,456.2,19-Apr,133.7,69.6,203.3
1021,10.6,51.9,5.5,21.5,2.5,5.7,93.7,15.7,68.8,8.4,28.4,4.2,8.6,125.1,21.7,108.9,13.6,52.5,6.8,17.5,232.0,2.7,7.1,0.7,1.5,0.4,0.6,9.4,0.8,1.9,0.1,0.1,0.0,0.0,1.3,0.0,0.1,0.0,0.0,0.0,0.0,0.1,21-Oct,460.2,20-Apr,134.0,69.8,203.8
1022,10.7,52.1,5.5,21.6,2.5,5.8,94.2,15.8,69.1,8.5,28.5,4.2,8.7,125.7,21.9,109.9,13.6,53.1,6.8,17.7,234.6,2.7,7.1,0.7,1.5,0.4,0.6,9.4,0.8,1.9,0.1,0.1,0.0,0.0,1.4,0.1,0.2,0.0,0.0,0.0,0.0,0.2,22-Oct,463.9,21-Apr,134.2,70.0,204.2
1023,10.8,52.4,5.5,21.7,2.5,5.8,94.7,15.8,69.4,8.5,28.7,4.2,8.7,126.3,22.0,110.8,13.8,53.7,6.9,17.9,236.7,2.7,7.2,0.7,1.5,0.5,0.6,9.6,0.8,2.0,0.1,0.2,0.0,0.0,1.5,0.1,0.2,0.0,0.0,0.0,0.0,0.2,23-Oct,467.3,22-Apr,134.6,70.3,204.9
1024,10.8,52.7,5.6,21.8,2.5,5.8,95.1,15.9,69.7,8.5,28.8,4.2,8.7,126.8,22.1,111.7,13.8,54.2,7.1,18.1,239.1,2.7,7.2,0.8,1.6,0.5,0.6,9.7,0.8,2.0,0.1,0.2,0.0,0.0,1.6,0.1,0.2,0.0,0.1,0.0,0.0,0.4,24-Oct,470.7,23-Apr,134.8,70.7,205.5
1025,10.8,52.9,5.6,22.0,2.5,5.8,95.5,16.0,70.1,8.5,28.9,4.3,8.7,127.3,22.2,112.6,13.9,54.7,7.1,18.4,241.6,2.7,7.3,0.8,1.6,0.5,0.6,9.7,0.9,2.1,0.1,0.2,0.0,0.0,1.7,0.1,0.3,0.0,0.1,0.0,0.0,0.4,25-Oct,474.1,24-Apr,135.1,70.9,206.0
1026,10.8,53.0,5.6,22.1,2.5,5.9,96.0,16.0,70.5,8.6,29.0,4.3,8.8,128.0,22.2,113.4,14.0,55.2,7.2,18.6,243.8,2.8,7.3,0.8,1.6,0.5,0.6,9.7,0.9,2.2,0.1,0.2,0.0,0.0,1.8,0.1,0.3,0.0,0.1,0.0,0.0,0.4,26-Oct,477.5,25-Apr,135.3,71.0,206.3
1027,10.9,53.2,5.6,22.2,2.5,5.9,96.4,16.1,70.7,8.6,29.1,4.3,8.8,128.5,22.4,114.3,14.1,55.6,7.2,18.7,245.6,2.8,7.4,0.8,1.6,0.5,0.6,9.8,0.9,2.3,0.1,0.3,0.0,0.0,1.9,0.1,0.3,0.0,0.1,0.0,0.0,0.4,27-Oct,480.3,26-Apr,135.5,71.0,206.5
1028,11.0,53.4,5.6,22.2,2.5,5.9,96.9,16.2,71.0,8.6,29.3,4.3,8.9,128.9,22.4,115.0,14.1,56.0,7.2,18.9,247.2,3.0,7.6,0.8,1.6,0.5,0.6,10.0,1.0,2.4,0.1,0.3,0.0,0.0,2.0,0.1,0.3,0.0,0.1,0.0,0.0,0.4,28-Oct,483.0,27-Apr,135.7,71.0,206.7
1029,11.0,53.6,5.7,22.3,2.5,6.0,97.3,16.2,71.3,8.7,29.4,4.3,8.9,129.3,22.5,115.6,14.3,56.4,7.3,19.0,248.7,3.0,7.8,0.8,1.6,0.5,0.6,10.3,1.0,2.5,0.1,0.3,0.0,0.0,2.1,0.1,0.3,0.0,0.1,0.0,0.0,0.4,29-Oct,485.6,28-Apr,135.9,71.0,206.9
1030,11.1,53.9,5.8,22.4,2.5,6.0,97.7,16.2,71.5,8.7,29.5,4.3,8.9,129.7,22.6,116.3,14.3,56.7,7.3,19.1,250.3,3.0,8.0,0.8,1.7,0.5,0.7,10.6,1.0,2.6,0.1,0.3,0.0,0.0,2.2,0.1,0.3,0.0,0.1,0.0,0.0,0.5,30-Oct,488.3,29-Apr,136.0,71.0,207.0
1031,11.2,54.2,5.8,22.5,2.6,6.0,98.1,16.2,71.7,8.7,29.6,4.3,8.9,129.9,22.7,116.9,14.4,57.1,7.3,19.1,251.7,3.1,8.1,0.8,1.7,0.5,0.7,10.7,1.1,2.7,0.1,0.3,0.0,0.0,2.2,0.2,0.3,0.0,0.1,0.0,0.0,0.5,31-Oct,490.4,30-Apr,136.1,71.1,207.2
1101,11.2,54.4,5.8,22.6,2.6,6.0,98.4,16.2,71.8,8.7,29.6,4.3,8.9,130.1,22.7,117.4,14.5,57.5,7.4,19.2,253.1,3.1,8.2,0.8,1.7,0.5,0.7,10.8,1.1,2.8,0.2,0.3,0.0,0.0,2.3,0.2,0.4,0.1,0.1,0.0,0.0,0.6,1-Nov,492.4,1-May,136.2,71.1,207.3
1102,11.2,54.6,5.9,22.6,2.6,6.0,98.6,16.3,71.9,8.7,29.6,4.3,8.9,130.2,22.9,118.0,14.5,57.8,7.4,19.4,254.6,3.1,8.3,0.8,1.7,0.5,0.7,10.9,1.1,2.9,0.2,0.4,0.0,0.0,2.5,0.2,0.5,0.1,0.1,0.0,0.0,0.7,2-Nov,494.3,2-May,136.2,71.2,207.4
1103,11.3,54.7,5.9,22.7,2.6,6.0,98.8,16.3,72.0,8.7,29.7,4.3,8.9,130.4,22.9,118.5,14.7,58.1,7.4,19.5,256.1,3.1,8.3,0.8,1.7,0.5,0.7,10.9,1.1,3.0,0.2,0.4,0.0,0.0,2.6,0.2,0.5,0.1,0.2,0.1,0.0,0.9,3-Nov,496.2,3-May,136.3,71.2,207.5
1104,11.3,54.8,5.9,22.7,2.6,6.0,99.0,16.3,72.1,8.7,29.7,4.3,8.9,130.5,23.0,119.1,14.7,58.4,7.6,19.6,257.6,3.1,8.3,0.8,1.7,0.5,0.7,10.9,1.1,3.1,0.2,0.5,0.0,0.0,2.9,0.2,0.6,0.1,0.2,0.1,0.0,1.0,4-Nov,498.0,4-May,136.4,71.3,207.7
1105,11.4,55.0,6.0,22.7,2.6,6.0,99.3,16.3,72.2,8.7,29.7,4.3,8.9,130.5,23.1,119.5,14.8,58.7,7.6,19.9,259.4,3.2,8.5,0.8,1.7,0.5,0.7,11.1,1.1,3.2,0.2,0.5,0.0,0.1,3.1,0.2,0.6,0.1,0.2,0.1,0.0,1.0,5-Nov,500.3,5-May,136.6,71.3,207.9
1106,11.4,55.2,6.1,22.9,2.6,6.0,99.7,16.4,72.2,8.7,29.7,4.3,8.9,130.5,23.1,120.0,14.8,59.0,7.6,20.1,261.0,3.2,8.7,0.8,1.8,0.5,0.7,11.4,1.2,3.4,0.2,0.6,0.0,0.1,3.4,0.2,0.7,0.1,0.2,0.1,0.0,1.1,6-Nov,502.6,6-May,136.8,71.3,208.1
1107,11.4,55.4,6.1,22.9,2.6,6.0,99.9,16.4,72.2,8.7,29.7,4.3,8.9,130.6,23.2,120.5,14.8,59.3,7.6,20.3,262.4,3.3,8.9,0.8,1.8,0.6,0.7,11.9,1.2,3.6,0.2,0.6,0.1,0.2,3.8,0.2,0.7,0.1,0.2,0.1,0.0,1.1,7-Nov,504.8,7-May,136.9,71.4,208.3
1108,11.4,55.6,6.1,23.0,2.6,6.0,100.2,16.4,72.3,8.7,29.7,4.3,8.9,130.6,23.3,121.0,14.8,59.5,7.6,20.3,263.3,3.3,9.2,0.9,1.9,0.6,0.8,12.2,1.3,3.8,0.2,0.7,0.1,0.2,4.3,0.2,0.7,0.1,0.2,0.1,0.0,1.1,8-Nov,506.3,8-May,137.0,71.4,208.4
1109,11.4,55.7,6.1,23.2,2.6,6.1,100.6,16.4,72.4,8.7,29.7,4.3,8.9,130.7,23.5,121.4,14.8,59.6,7.7,20.4,263.9,3.4,9.3,0.9,2.0,0.6,0.8,12.6,1.4,4.1,0.3,0.8,0.1,0.2,4.7,0.2,0.7,0.1,0.2,0.1,0.0,1.1,9-Nov,507.8,9-May,137.2,71.4,208.6
1110,11.4,55.8,6.1,23.2,2.6,6.1,100.8,16.5,72.5,8.8,29.8,4.3,8.9,130.8,23.6,121.9,14.9,59.8,7.7,20.4,264.9,3.5,9.5,0.9,2.0,0.6,0.8,12.8,1.5,4.4,0.3,0.9,0.1,0.2,5.0,0.2,0.7,0.1,0.2,0.1,0.0,1.1,10-Nov,509.3,10-May,137.4,71.5,208.9
1111,11.5,55.9,6.1,23.3,2.6,6.1,100.9,16.5,72.5,8.8,29.8,4.3,8.9,131.0,23.6,122.3,14.9,60.0,7.8,20.6,266.1,3.5,9.6,0.9,2.0,0.6,0.8,12.9,1.5,4.7,0.3,0.9,0.1,0.2,5.4,0.2,0.8,0.1,0.2,0.1,0.0,1.1,11-Nov,510.9,11-May,137.5,71.5,209.0
1112,11.5,55.9,6.1,23.3,2.6,6.1,101.0,16.5,72.6,8.8,29.8,4.3,8.9,131.0,23.7,122.7,15.0,60.2,7.8,20.7,267.2,3.7,9.8,0.9,2.0,0.6,0.8,13.0,1.5,5.0,0.4,1.0,0.1,0.2,5.7,0.2,0.8,0.1,0.2,0.1,0.0,1.1,12-Nov,512.2,12-May,137.6,71.5,209.1
1113,11.5,56.0,6.1,23.3,2.6,6.1,101.1,16.5,72.6,8.8,29.8,4.3,8.9,131.0,23.9,123.1,15.0,60.3,7.8,20.8,268.0,3.7,10.0,1.0,2.1,0.6,0.8,13.3,1.5,5.2,0.4,1.1,0.1,0.3,6.0,0.3,0.8,0.1,0.2,0.1,0.0,1.1,13-Nov,513.4,13-May,137.8,71.5,209.3
1114,11.5,56.1,6.1,23.3,2.6,6.1,101.2,16.5,72.6,8.8,29.8,4.3,8.9,131.0,23.9,123.5,15.0,60.4,7.8,20.8,268.5,3.7,10.2,1.1,2.2,0.6,0.8,13.7,1.6,5.4,0.4,1.1,0.1,0.3,6.2,0.3,0.9,0.1,0.2,0.1,0.0,1.2,14-Nov,514.4,14-May,138.0,71.6,209.6
1115,11.5,56.2,6.1,23.3,2.6,6.1,101.3,16.5,72.6,8.8,29.8,4.3,8.9,131.0,24.0,123.8,15.0,60.5,7.8,20.8,269.0,3.9,10.4,1.1,2.3,0.6,0.9,14.3,1.6,5.5,0.5,1.2,0.1,0.3,6.5,0.3,1.0,0.1,0.2,0.1,0.0,1.3,15-Nov,515.6,15-May,138.0,71.6,209.6
1116,11.6,56.3,6.2,23.3,2.6,6.1,101.4,16.5,72.6,8.8,29.8,4.3,8.9,131.1,24.1,124.2,15.1,60.6,7.8,20.8,269.6,3.9,10.7,1.1,2.4,0.6,0.9,14.7,1.6,5.7,0.5,1.3,0.2,0.3,6.9,0.3,1.1,0.2,0.3,0.1,0.0,1.4,16-Nov,516.8,16-May,138.1,71.6,209.7
1117,11.6,56.4,6.2,23.4,2.6,6.1,101.6,16.5,72.6,8.8,29.9,4.3,8.9,131.2,24.2,124.7,15.1,60.8,7.8,20.9,270.3,3.9,10.8,1.1,2.4,0.6,0.9,14.8,1.7,5.9,0.5,1.4,0.2,0.3,7.3,0.3,1.2,0.2,0.3,0.1,0.0,1.6,17-Nov,517.9,17-May,138.1,71.6,209.7
1118,11.6,56.6,6.2,23.5,2.7,6.1,101.9,16.5,72.7,8.8,29.9,4.3,8.9,131.2,24.3,125.0,15.2,61.0,7.9,20.9,271.0,4.0,11.0,1.1,2.4,0.6,0.9,14.9,1.7,6.1,0.5,1.4,0.2,0.3,7.6,0.3,1.2,0.2,0.4,0.1,0.0,1.7,18-Nov,519.0,18-May,138.2,71.6,209.8
1119,11.6,56.7,6.2,23.6,2.7,6.1,102.3,16.5,72.7,8.8,29.9,4.3,8.9,131.3,24.4,125.4,15.3,61.2,7.9,21.0,271.8,4.0,11.1,1.2,2.4,0.6,0.9,15.1,1.8,6.3,0.5,1.6,0.2,0.3,7.9,0.3,1.3,0.2,0.4,0.1,0.0,1.9,19-Nov,520.5,19-May,138.2,71.6,209.8
1120,11.7,56.9,6.2,23.6,2.7,6.1,102.6,16.5,72.8,8.8,29.9,4.3,8.9,131.3,24.5,125.9,15.3,61.4,8.0,21.1,272.9,4.0,11.2,1.2,2.5,0.6,0.9,15.3,1.8,6.6,0.6,1.6,0.2,0.4,8.3,0.3,1.4,0.2,0.4,0.1,0.0,1.9,20-Nov,522.1,20-May,138.2,71.6,209.8
1121,11.7,57.0,6.3,23.7,2.7,6.2,102.9,16.5,72.8,8.8,29.9,4.3,8.9,131.3,24.7,126.5,15.4,61.6,8.0,21.1,274.0,4.0,11.3,1.2,2.5,0.6,1.0,15.6,1.9,6.8,0.6,1.7,0.2,0.4,8.8,0.4,1.4,0.2,0.4,0.1,0.0,1.9,21-Nov,523.8,21-May,138.2,71.6,209.8
1122,11.7,57.2,6.3,23.7,2.7,6.2,103.1,16.5,72.8,8.8,29.9,4.3,8.9,131.3,24.8,127.0,15.6,61.9,8.1,21.2,275.3,4.0,11.4,1.2,2.5,0.6,1.0,15.7,2.0,7.1,0.6,1.8,0.3,0.5,9.3,0.4,1.5,0.2,0.4,0.1,0.0,2.0,22-Nov,525.4,22-May,138.2,71.6,209.8
1123,11.7,57.3,6.3,23.8,2.7,6.2,103.3,16.5,72.9,8.8,29.9,4.3,8.9,131.4,24.8,127.6,15.7,62.3,8.1,21.4,276.7,4.1,11.4,1.2,2.6,0.6,1.0,15.8,2.1,7.3,0.6,1.9,0.3,0.6,10.0,0.5,1.6,0.2,0.4,0.1,0.0,2.1,23-Nov,527.2,23-May,138.2,71.6,209.8
1124,11.7,57.4,6.3,23.8,2.7,6.2,103.3,16.5,72.9,8.9,29.9,4.3,8.9,131.5,24.9,128.1,15.7,62.6,8.1,21.5,278.1,4.1,11.5,1.3,2.6,0.6,1.0,15.8,2.1,7.7,0.6,2.0,0.3,0.6,10.5,0.5,1.7,0.2,0.4,0.1,0.0,2.2,24-Nov,528.7,24-May,138.2,71.7,209.9
1125,11.8,57.5,6.3,23.8,2.7,6.2,103.5,16.5,72.9,8.9,29.9,4.3,8.9,131.5,25.0,128.7,15.8,63.0,8.2,21.6,279.4,4.1,11.6,1.3,2.6,0.7,1.0,16.0,2.1,7.9,0.7,2.0,0.3,0.6,10.9,0.5,1.8,0.3,0.4,0.1,0.0,2.3,25-Nov,530.4,25-May,138.2,71.7,209.9
1126,11.8,57.7,6.3,23.8,2.7,6.2,103.6,16.5,72.9,8.9,29.9,4.3,8.9,131.5,25.0,129.2,15.8,63.2,8.3,21.7,280.9,4.2,11.7,1.3,2.6,0.7,1.0,16.1,2.2,8.1,0.7,2.1,0.3,0.7,11.2,0.5,1.9,0.3,0.5,0.1,0.1,2.5,26-Nov,532.1,26-May,138.2,71.7,209.9
1127,11.8,57.8,6.3,23.8,2.7,6.2,103.7,16.5,72.9,8.9,29.9,4.3,8.9,131.5,25.1,129.6,15.8,63.5,8.3,21.9,282.5,4.2,11.7,1.3,2.7,0.7,1.0,16.3,2.3,8.4,0.7,2.2,0.3,0.7,11.6,0.5,1.9,0.3,0.5,0.1,0.1,2.7,27-Nov,534.0,27-May,138.3,71.7,210.0
1128,11.8,57.8,6.3,23.8,2.7,6.2,103.8,16.5,72.9,8.9,29.9,4.3,8.9,131.5,25.1,129.9,15.8,63.8,8.3,22.1,284.2,4.2,11.8,1.3,2.7,0.7,1.0,16.4,2.3,8.7,0.7,2.3,0.3,0.7,12.0,0.5,2.0,0.3,0.6,0.1,0.1,2.9,28-Nov,535.9,28-May,138.3,71.7,210.0
1129,11.8,57.9,6.3,23.8,2.7,6.2,104.0,16.5,72.9,8.9,29.9,4.3,8.9,131.5,25.2,130.4,15.9,64.1,8.3,22.3,285.8,4.3,12.0,1.3,2.7,0.7,1.0,16.6,2.3,9.0,0.8,2.4,0.3,0.7,12.4,0.5,2.0,0.3,0.6,0.1,0.1,2.9,29-Nov,537.9,29-May,138.3,71.7,210.0
1130,11.9,58.0,6.3,23.8,2.7,6.2,104.1,16.5,72.9,8.9,29.9,4.3,8.9,131.5,25.2,130.9,16.0,64.4,8.4,22.5,287.2,4.3,12.2,1.4,2.8,0.7,1.0,16.9,2.3,9.1,0.8,2.4,0.3,0.7,12.6,0.6,2.0,0.3,0.6,0.1,0.1,3.0,30-Nov,539.7,30-May,138.3,71.7,210.0
1201,11.9,58.2,6.4,23.9,2.7,6.2,104.2,16.5,72.9,8.9,29.9,4.3,8.9,131.5,25.2,131.3,16.0,64.7,8.4,22.6,288.4,4.4,12.4,1.4,2.9,0.7,1.0,17.1,2.3,9.3,0.8,2.5,0.3,0.7,12.8,0.6,2.0,0.3,0.6,0.1,0.1,3.0,1-Dec,541.2,31-May,138.3,71.7,210.0
1202,11.9,58.3,6.4,23.9,2.7,6.2,104.4,16.5,72.9,8.9,29.9,4.3,8.9,131.5,25.2,131.6,16.0,64.9,8.4,22.7,289.4,4.4,12.5,1.4,2.9,0.7,1.0,17.3,2.4,9.4,0.8,2.5,0.3,0.7,13.0,0.6,2.0,0.3,0.6,0.1,0.1,3.0,2-Dec,542.6,1-Jun,138.3,71.7,210.0
1203,11.9,58.4,6.4,23.9,2.7,6.2,104.5,16.6,73.0,8.9,29.9,4.3,8.9,131.6,25.3,131.9,16.0,65.1,8.4,22.8,290.1,4.4,12.7,1.4,2.9,0.7,1.0,17.4,2.5,9.7,0.9,2.6,0.3,0.7,13.3,0.6,2.0,0.3,0.6,0.1,0.1,3.0,3-Dec,543.6,2-Jun,138.3,71.7,210.0
1204,11.9,58.5,6.4,23.9,2.7,6.2,104.6,16.6,73.0,8.9,29.9,4.3,8.9,131.6,25.3,132.2,16.0,65.2,8.4,22.8,290.7,4.4,12.8,1.4,2.9,0.7,1.0,17.5,2.5,10.0,0.9,2.8,0.3,0.7,13.8,0.7,2.1,0.3,0.6,0.1,0.1,3.0,4-Dec,544.4,3-Jun,138.3,71.7,210.0
1205,11.9,58.6,6.4,24.0,2.7,6.2,104.6,16.6,73.0,8.9,29.9,4.3,8.9,131.6,25.4,132.5,16.0,65.3,8.4,22.8,291.2,4.4,12.9,1.5,2.9,0.7,1.0,17.7,2.6,10.3,0.9,2.9,0.4,0.8,14.3,0.8,2.2,0.3,0.6,0.1,0.1,3.1,5-Dec,545.1,4-Jun,138.3,71.7,210.0
1206,11.9,58.6,6.4,24.0,2.7,6.2,104.7,16.6,73.1,8.9,29.9,4.3,8.9,131.7,25.5,132.7,16.0,65.4,8.4,22.9,291.6,4.4,13.0,1.5,3.0,0.7,1.0,17.8,2.7,10.6,0.9,2.9,0.4,0.8,14.8,0.8,2.3,0.4,0.7,0.1,0.1,3.3,6-Dec,545.8,5-Jun,138.3,71.8,210.1
1207,11.9,58.7,6.4,24.0,2.7,6.2,104.8,16.6,73.2,8.9,30.0,4.3,8.9,131.8,25.5,133.0,16.1,65.5,8.4,22.9,292.0,4.5,13.1,1.5,3.0,0.7,1.0,17.9,2.8,10.9,1.0,3.1,0.4,0.9,15.4,0.8,2.5,0.5,0.8,0.2,0.2,3.9,7-Dec,546.5,6-Jun,138.3,71.8,210.1
1208,12.0,58.8,6.4,24.1,2.7,6.2,104.9,16.6,73.2,8.9,30.0,4.3,8.9,131.8,25.6,133.3,16.1,65.7,8.5,22.9,292.6,4.5,13.2,1.5,3.0,0.7,1.0,18.0,2.9,11.2,1.1,3.3,0.5,1.0,16.2,0.8,2.7,0.5,1.0,0.2,0.3,4.4,8-Dec,547.3,7-Jun,138.3,71.9,210.2
1209,12.0,58.8,6.4,24.1,2.7,6.2,104.9,16.6,73.2,8.9,30.0,4.3,8.9,131.8,25.6,133.6,16.1,65.8,8.5,23.0,293.3,4.6,13.3,1.5,3.0,0.7,1.0,18.1,2.9,11.6,1.1,3.5,0.5,1.1,17.0,0.8,2.8,0.5,1.1,0.2,0.4,4.9,9-Dec,548.1,8-Jun,138.3,72.0,210.3
1210,12.0,58.9,6.4,24.1,2.7,6.2,105.0,16.6,73.2,8.9,30.0,4.3,8.9,131.8,25.6,133.8,16.2,66.0,8.6,23.0,294.0,4.6,13.4,1.5,3.0,0.7,1.0,18.2,3.0,11.9,1.1,3.6,0.5,1.2,17.8,0.8,2.9,0.5,1.2,0.2,0.4,5.3,10-Dec,549.0,9-Jun,138.3,72.0,210.3
1211,12.0,58.9,6.4,24.1,2.7,6.2,105.0,16.6,73.2,8.9,30.0,4.3,8.9,131.8,25.7,134.1,16.2,66.1,8.6,23.1,294.4,4.6,13.5,1.5,3.0,0.7,1.0,18.3,3.1,12.3,1.1,3.7,0.5,1.2,18.4,0.9,3.1,0.5,1.3,0.2,0.4,5.5,11-Dec,549.5,10-Jun,138.3,72.0,210.3
1212,12.0,58.9,6.4,24.1,2.7,6.2,105.0,16.6,73.2,8.9,30.0,4.3,8.9,131.8,25.8,134.3,16.2,66.2,8.6,23.1,294.8,4.6,13.6,1.5,3.0,0.7,1.0,18.3,3.1,12.6,1.2,3.7,0.5,1.2,18.8,0.9,3.3,0.5,1.3,0.2,0.4,5.8,12-Dec,549.9,11-Jun,138.3,72.1,210.4
1213,12.0,59.0,6.4,24.1,2.7,6.2,105.0,16.6,73.2,8.9,30.0,4.3,8.9,131.8,25.8,134.6,16.2,66.3,8.6,23.1,295.3,4.6,13.7,1.5,3.0,0.7,1.0,18.4,3.3,12.9,1.2,3.8,0.6,1.2,19.1,0.9,3.4,0.5,1.3,0.2,0.4,5.9,13-Dec,550.5,12-Jun,138.3,72.2,210.5
1214,12.0,59.0,6.4,24.1,2.7,6.2,105.1,16.6,73.2,8.9,30.0,4.3,8.9,131.8,25.8,134.8,16.2,66.4,8.6,23.1,295.7,4.7,13.8,1.5,3.0,0.7,1.0,18.5,3.3,13.3,1.2,3.8,0.6,1.3,19.6,1.0,3.5,0.5,1.3,0.2,0.4,6.0,14-Dec,551.1,13-Jun,138.3,72.3,210.6
1215,12.0,59.0,6.4,24.1,2.7,6.2,105.1,16.6,73.2,8.9,30.0,4.3,8.9,131.8,25.9,135.0,16.3,66.5,8.6,23.2,296.2,4.7,13.9,1.5,3.0,0.7,1.0,18.6,3.4,13.7,1.3,4.0,0.6,1.3,20.2,1.1,3.7,0.5,1.3,0.2,0.4,6.1,15-Dec,551.7,14-Jun,138.3,72.4,210.7
1216,12.0,59.1,6.4,24.1,2.7,6.2,105.2,16.6,73.2,8.9,30.0,4.3,8.9,131.8,26.0,135.3,16.3,66.6,8.7,23.2,296.8,4.7,13.9,1.5,3.0,0.7,1.0,18.7,3.4,14.1,1.4,4.1,0.6,1.3,20.9,1.1,3.8,0.5,1.3,0.2,0.4,6.2,16-Dec,552.5,15-Jun,138.3,72.4,210.7
1217,12.0,59.1,6.4,24.1,2.7,6.2,105.2,16.6,73.2,8.9,30.0,4.3,8.9,131.8,26.0,135.6,16.4,66.7,8.7,23.3,297.4,4.8,14.0,1.5,3.0,0.7,1.0,18.7,3.5,14.5,1.4,4.3,0.7,1.4,21.5,1.1,3.9,0.5,1.3,0.2,0.4,6.2,17-Dec,553.1,16-Jun,138.3,72.4,210.7
1218,12.0,59.1,6.4,24.1,2.7,6.2,105.2,16.6,73.2,8.9,30.0,4.3,8.9,131.8,26.1,135.9,16.4,66.9,8.7,23.4,298.3,4.8,14.1,1.5,3.0,0.7,1.0,18.8,3.7,14.9,1.4,4.3,0.7,1.4,22.0,1.1,3.9,0.5,1.3,0.2,0.4,6.3,18-Dec,554.1,17-Jun,138.3,72.4,210.7
1219,12.0,59.2,6.4,24.1,2.7,6.2,105.3,16.6,73.2,8.9,30.0,4.3,8.9,131.8,26.2,136.3,16.4,67.0,8.7,23.4,299.1,4.8,14.2,1.5,3.0,0.7,1.0,18.8,3.8,15.3,1.5,4.4,0.7,1.4,22.5,1.2,3.9,0.5,1.3,0.2,0.4,6.3,19-Dec,555.0,18-Jun,138.3,72.4,210.7
1220,12.0,59.2,6.4,24.1,2.7,6.2,105.3,16.6,73.2,8.9,30.0,4.3,8.9,131.8,26.2,136.7,16.5,67.2,8.7,23.5,300.0,4.8,14.2,1.5,3.0,0.7,1.0,18.8,3.9,15.8,1.5,4.6,0.7,1.5,23.4,1.3,4.1,0.5,1.3,0.2,0.4,6.4,20-Dec,555.9,19-Jun,138.3,72.4,210.7
1221,12.0,59.2,6.4,24.1,2.7,6.2,105.4,16.6,73.2,8.9,30.0,4.3,8.9,131.8,26.2,137.1,16.5,67.4,8.8,23.6,300.8,4.8,14.2,1.5,3.0,0.7,1.0,18.9,3.9,16.1,1.6,4.8,0.7,1.6,24.2,1.3,4.1,0.5,1.4,0.2,0.4,6.5,21-Dec,556.9,20-Jun,138.3,72.4,210.7
1222,12.0,59.3,6.4,24.1,2.7,6.2,105.4,16.6,73.3,8.9,30.0,4.3,8.9,131.8,26.2,137.3,16.5,67.6,8.8,23.6,301.5,4.8,14.3,1.5,3.0,0.7,1.0,18.9,3.9,16.4,1.6,5.0,0.8,1.6,24.9,1.3,4.2,0.6,1.4,0.3,0.4,6.7,22-Dec,557.6,21-Jun,138.4,72.4,210.8
1223,12.0,59.3,6.4,24.1,2.7,6.2,105.5,16.6,73.3,8.9,30.0,4.3,8.9,131.8,26.2,137.6,16.5,67.7,8.8,23.7,302.1,4.8,14.3,1.5,3.0,0.7,1.0,18.9,4.0,16.8,1.6,5.1,0.8,1.6,25.6,1.4,4.4,0.6,1.5,0.3,0.4,7.0,23-Dec,558.3,22-Jun,138.4,72.4,210.8
1224,12.0,59.3,6.4,24.2,2.7,6.2,105.6,16.6,73.3,8.9,30.0,4.3,8.9,131.8,26.4,137.9,16.5,67.8,8.8,23.7,302.7,4.9,14.4,1.5,3.0,0.7,1.0,18.9,4.1,17.2,1.7,5.3,0.8,1.7,26.4,1.5,4.6,0.6,1.5,0.3,0.4,7.2,24-Dec,559.0,23-Jun,138.4,72.4,210.8
1225,12.0,59.3,6.4,24.2,2.7,6.2,105.6,16.6,73.3,8.9,30.0,4.3,8.9,131.8,26.4,138.2,16.6,67.9,8.8,23.8,303.2,4.9,14.4,1.5,3.0,0.7,1.0,19.0,4.2,17.6,1.8,5.6,0.8,1.7,27.2,1.5,4.8,0.6,1.6,0.3,0.4,7.5,25-Dec,559.6,24-Jun,138.4,72.4,210.8
1226,12.0,59.3,6.4,24.2,2.7,6.2,105.6,16.6,73.3,8.9,30.0,4.3,8.9,131.8,26.5,138.5,16.6,68.0,8.9,23.8,303.7,4.9,14.5,1.5,3.0,0.7,1.0,19.0,4.2,18.0,1.8,5.8,0.9,1.8,28.0,1.6,5.0,0.7,1.7,0.3,0.4,7.9,26-Dec,560.1,25-Jun,138.4,72.4,210.8
1227,12.0,59.3,6.4,24.2,2.7,6.2,105.6,16.6,73.3,8.9,30.0,4.3,8.9,131.8,26.5,138.7,16.6,68.1,8.9,23.8,304.2,4.9,14.5,1.6,3.0,0.7,1.0,19.1,4.3,18.4,1.9,6.0,0.9,1.8,28.7,1.6,5.3,0.7,1.8,0.3,0.4,8.5,27-Dec,560.7,26-Jun,138.4,72.4,210.8
1228,12.0,59.3,6.4,24.2,2.7,6.2,105.6,16.6,73.3,8.9,30.0,4.3,8.9,131.8,26.5,138.9,16.7,68.2,8.9,23.8,304.5,4.9,14.6,1.6,3.0,0.7,1.0,19.1,4.3,18.8,1.9,6.2,0.9,1.8,29.2,1.7,5.7,0.8,2.0,0.3,0.5,9.2,28-Dec,561.0,27-Jun,138.4,72.4,210.8
1229,12.0,59.3,6.4,24.2,2.7,6.2,105.6,16.6,73.3,8.9,30.0,4.3,8.9,131.8,26.5,139.1,16.7,68.3,8.9,23.8,304.7,4.9,14.6,1.6,3.0,0.7,1.0,19.1,4.4,19.1,1.9,6.2,0.9,1.8,29.6,1.8,6.0,0.8,2.1,0.3,0.5,9.9,29-Dec,561.2,28-Jun,138.4,72.4,210.8
1230,12.0,59.3,6.4,24.2,2.7,6.2,105.6,16.6,73.3,8.9,30.0,4.3,8.9,131.8,26.6,139.2,16.7,68.3,8.9,23.8,304.9,4.9,14.6,1.6,3.0,0.7,1.0,19.1,4.4,19.3,1.9,6.3,0.9,1.8,29.9,1.8,6.3,0.9,2.3,0.3,0.6,10.5,30-Dec,561.4,29-Jun,138.4,72.4,210.8
1231,12.1,59.4,6.4,24.2,2.7,6.2,105.6,16.6,73.3,8.9,30.0,4.3,8.9,131.8,26.6,139.3,16.7,68.4,8.9,23.8,305.0,4.9,14.6,1.6,3.0,0.7,1.0,19.1,4.6,19.7,1.9,6.3,0.9,1.8,30.2,1.8,6.5,0.9,2.5,0.4,0.6,11.1,31-Dec,561.5,30-Jun,138.4,72.4,210.8
